text_id,GPEs,neg,neu,pos,compound
1,,0.444,0.556,0.0,-0.4939
2,,0.242,0.645,0.113,-0.5267
4,,0.266,0.591,0.143,-0.3595
6,"['Tehran', 'USA']",0.0,1.0,0.0,0.0
7,,0.226,0.774,0.0,-0.5423
13,,0.146,0.625,0.229,0.296
14,,0.328,0.672,0.0,-0.5994
17,,0.44,0.4,0.16,-0.7088
18,,0.241,0.502,0.257,0.1111
22,,0.0,0.828,0.172,0.4019
25,,0.0,1.0,0.0,0.0
30,,0.302,0.605,0.093,-0.6705
32,,0.0,0.795,0.205,0.4767
33,,0.0,0.707,0.293,0.4404
34,"['UK', 'Russia']",0.0,0.756,0.244,0.4404
35,,0.134,0.866,0.0,-0.593
36,,0.0,0.825,0.175,0.5267
37,,0.0,1.0,0.0,0.0
38,,0.0,1.0,0.0,0.0
39,,0.333,0.667,0.0,-0.5423
40,,0.315,0.685,0.0,-0.3182
43,,0.0,1.0,0.0,0.0
44,,0.228,0.468,0.304,0.0772
46,,0.316,0.506,0.177,-0.296
49,,0.1,0.849,0.05,-0.3182
50,,0.237,0.763,0.0,-0.7096
53,,0.318,0.682,0.0,-0.6369
54,,0.0,1.0,0.0,0.0
55,,0.0,1.0,0.0,0.0
57,,0.0,1.0,0.0,0.0
59,,0.272,0.728,0.0,-0.6249
61,['Detroit'],0.0,1.0,0.0,0.0
64,,0.0,0.833,0.167,0.5574
70,,0.0,1.0,0.0,0.0
72,,0.0,0.723,0.277,0.3182
75,,0.0,1.0,0.0,0.0
79,,0.0,1.0,0.0,0.0
80,,0.0,1.0,0.0,0.0
84,,0.0,1.0,0.0,0.0
92,,0.0,1.0,0.0,0.0
93,,0.18,0.82,0.0,-0.296
96,,0.061,0.939,0.0,-0.0258
97,,0.0,1.0,0.0,0.0
102,,0.0,0.763,0.237,0.4215
107,,0.0,1.0,0.0,0.0
108,,0.592,0.408,0.0,-0.4404
109,,0.0,0.348,0.652,0.8176
110,,0.0,0.769,0.231,0.743
113,,0.547,0.0,0.453,-0.1779
114,"['Russia', 'USA']",0.2,0.8,0.0,-0.3612
115,,0.164,0.621,0.215,0.2263
118,,0.107,0.611,0.282,0.5106
119,,0.0,1.0,0.0,0.0
122,,0.141,0.859,0.0,-0.3182
124,,0.358,0.642,0.0,-0.5994
125,,0.585,0.415,0.0,-0.9018
128,['Russia'],0.0,0.898,0.102,0.1511
129,"['Russia', 'US']",0.0,0.701,0.299,0.5719
130,['New Eastern Outlook'],0.0,1.0,0.0,0.0
132,,0.0,1.0,0.0,0.0
135,,0.0,1.0,0.0,0.0
136,,0.0,1.0,0.0,0.0
137,['Iowa'],0.489,0.511,0.0,-0.7717
138,,0.0,0.833,0.167,0.4939
140,,0.233,0.679,0.088,-0.4824
141,,0.0,0.775,0.225,0.4404
143,,0.0,1.0,0.0,0.0
145,,0.0,1.0,0.0,0.0
147,,0.175,0.825,0.0,-0.5267
148,,0.0,1.0,0.0,0.0
149,,0.0,1.0,0.0,0.0
150,,0.0,0.856,0.144,0.5719
152,,0.0,0.75,0.25,0.4588
153,,0.0,0.851,0.149,0.2732
154,,0.145,0.855,0.0,-0.296
156,,0.0,1.0,0.0,0.0
160,,0.333,0.43,0.237,-0.2263
163,,0.078,0.782,0.14,0.2732
164,,0.0,1.0,0.0,0.0
166,['Russia'],0.351,0.649,0.0,-0.4019
168,,0.0,1.0,0.0,0.0
169,,0.277,0.723,0.0,-0.6808
171,,0.0,1.0,0.0,0.0
172,,0.253,0.68,0.066,-0.6157
173,['Britain'],0.087,0.752,0.162,0.3167
175,,0.261,0.739,0.0,-0.7184
176,,0.0,0.448,0.552,0.5719
178,['Syria'],0.378,0.488,0.134,-0.4588
180,,0.262,0.738,0.0,-0.4939
184,,0.0,0.707,0.293,0.7003
189,,0.143,0.714,0.143,0.0
192,,0.0,1.0,0.0,0.0
195,,0.0,0.635,0.365,0.3182
196,,0.0,1.0,0.0,0.0
198,,0.0,1.0,0.0,0.0
199,['Russia'],0.0,1.0,0.0,0.0
202,,0.0,1.0,0.0,0.0
204,,0.291,0.598,0.111,-0.4767
205,,0.0,0.859,0.141,0.507
206,,0.0,1.0,0.0,0.0
208,,0.0,1.0,0.0,0.0
209,,0.0,1.0,0.0,0.0
210,,0.0,0.783,0.217,0.3612
212,,0.0,1.0,0.0,0.0
214,['Washington DC'],0.0,0.673,0.327,0.5267
215,,0.0,1.0,0.0,0.0
220,,0.0,1.0,0.0,0.0
221,,0.0,1.0,0.0,0.0
222,,0.0,1.0,0.0,0.0
226,,0.208,0.566,0.226,0.0772
227,,0.51,0.49,0.0,-0.6369
228,['Mosul'],0.0,1.0,0.0,0.0
230,,0.277,0.723,0.0,-0.3182
232,['Syria'],0.283,0.641,0.076,-0.7964
235,,0.0,1.0,0.0,0.0
236,,0.0,1.0,0.0,0.0
239,,0.242,0.758,0.0,-0.3716
242,,0.0,1.0,0.0,0.0
247,,0.2,0.581,0.219,0.0772
249,,0.0,0.769,0.231,0.25
252,,0.464,0.536,0.0,-0.8316
254,,0.0,1.0,0.0,0.0
256,"['US', 'EU', 'China']",0.0,1.0,0.0,0.0
259,,0.0,1.0,0.0,0.0
262,,0.287,0.713,0.0,-0.8779
263,,0.0,0.903,0.097,0.1027
264,,0.0,1.0,0.0,0.0
265,,0.0,1.0,0.0,0.0
266,,0.0,0.817,0.183,0.5859
267,['America'],0.359,0.641,0.0,-0.6808
268,,0.0,0.885,0.115,0.0772
269,,0.0,0.758,0.242,0.4926
271,['Islamabad'],0.0,0.667,0.333,0.128
272,,0.1,0.747,0.154,0.3182
275,,0.16,0.84,0.0,-0.3164
278,,0.0,0.87,0.13,0.4019
280,,0.0,1.0,0.0,0.0
283,,0.0,0.764,0.236,0.5719
284,['North Carolina'],0.0,0.826,0.174,0.2732
285,['Russia'],0.343,0.657,0.0,-0.6908
286,,0.0,1.0,0.0,0.0
292,['America'],0.354,0.442,0.204,-0.1779
294,,0.0,0.75,0.25,0.4588
295,,0.0,0.806,0.194,0.34
301,,0.0,0.676,0.324,0.34
303,,0.0,0.822,0.178,0.3802
305,,0.792,0.208,0.0,-0.5859
309,,0.111,0.554,0.335,0.7399
313,,0.0,1.0,0.0,0.0
314,,0.0,1.0,0.0,0.0
315,,0.412,0.588,0.0,-0.743
316,,0.0,0.769,0.231,0.3412
321,,0.0,1.0,0.0,0.0
322,,0.0,0.621,0.379,0.6705
323,,0.0,0.807,0.193,0.4767
325,['Russia'],0.0,0.625,0.375,0.3818
328,,0.0,0.778,0.222,0.5319
331,,0.0,1.0,0.0,0.0
333,,0.381,0.619,0.0,-0.8126
334,['Iraq'],0.0,1.0,0.0,0.0
335,,0.508,0.492,0.0,-0.7351
338,,0.167,0.833,0.0,-0.296
339,,0.0,1.0,0.0,0.0
341,,0.0,1.0,0.0,0.0
342,['USA'],0.0,1.0,0.0,0.0
343,,0.14,0.698,0.163,0.1027
347,,0.0,1.0,0.0,0.0
355,,0.141,0.859,0.0,-0.2023
358,,0.0,1.0,0.0,0.0
361,['Russia'],0.212,0.481,0.308,0.25
362,,0.154,0.846,0.0,-0.25
365,,0.0,1.0,0.0,0.0
368,,0.0,1.0,0.0,0.0
369,,0.0,1.0,0.0,0.0
370,,0.61,0.39,0.0,-0.5719
372,"['U.S.', 'Iran']",0.157,0.843,0.0,-0.5994
375,,0.0,0.881,0.119,0.2263
378,,0.448,0.552,0.0,-0.8074
379,,0.0,0.584,0.416,0.7508
381,,0.0,1.0,0.0,0.0
384,,0.0,1.0,0.0,0.0
385,,0.0,0.647,0.353,0.4084
387,,0.0,1.0,0.0,0.0
389,['Vagina'],0.233,0.727,0.04,-0.743
391,,0.0,0.69,0.31,0.5574
392,,0.227,0.622,0.151,-0.1779
395,,0.0,1.0,0.0,0.0
396,,0.0,1.0,0.0,0.0
398,,0.0,1.0,0.0,0.0
403,,0.0,0.927,0.073,0.0258
409,,0.0,0.774,0.226,0.5859
412,,0.0,1.0,0.0,0.0
415,['Israel'],0.266,0.734,0.0,-0.6908
416,,0.0,1.0,0.0,0.0
417,,0.138,0.862,0.0,-0.372
419,,0.0,1.0,0.0,0.0
423,"['UK', 'UK']",0.0,0.79,0.21,0.7494
424,['US'],0.0,1.0,0.0,0.0
425,,0.13,0.87,0.0,-0.4019
426,,0.0,0.904,0.096,0.1531
429,['America'],0.244,0.756,0.0,-0.5499
436,,0.259,0.741,0.0,-0.5423
437,,0.209,0.791,0.0,-0.8126
439,,0.0,0.811,0.189,0.2732
443,,0.25,0.613,0.137,-0.34
444,,0.19,0.634,0.176,-0.0772
445,,0.0,1.0,0.0,0.0
446,,0.199,0.676,0.125,-0.296
448,,0.0,1.0,0.0,0.0
449,,0.192,0.563,0.244,0.0258
451,,0.0,0.734,0.266,0.4404
452,,0.209,0.663,0.128,-0.3818
454,,0.338,0.662,0.0,-0.6808
456,,0.0,0.748,0.252,0.4019
457,,0.316,0.586,0.098,-0.6786
458,,0.321,0.679,0.0,-0.7964
459,['Wrong Direction'],0.583,0.417,0.0,-0.7906
460,"['LA', 'Philly', 'Portland']",0.0,0.917,0.083,0.25
461,,0.214,0.66,0.126,-0.3786
462,,0.268,0.732,0.0,-0.6597
464,,0.225,0.775,0.0,-0.4404
466,,0.23,0.618,0.152,-0.34
469,['Hollywood'],0.376,0.485,0.139,-0.5994
471,,0.324,0.676,0.0,-0.34
477,,0.0,0.625,0.375,0.5859
479,,0.201,0.575,0.224,-0.1531
480,,0.0,1.0,0.0,0.0
482,,0.0,1.0,0.0,0.0
487,,0.313,0.687,0.0,-0.6249
490,,0.369,0.631,0.0,-0.6249
492,,0.291,0.709,0.0,-0.6249
493,['Mosul'],0.0,1.0,0.0,0.0
494,['Oregon'],0.0,0.8,0.2,0.25
495,,0.0,1.0,0.0,0.0
497,,0.297,0.703,0.0,-0.5859
498,,0.0,1.0,0.0,0.0
501,,0.347,0.502,0.151,-0.6486
502,,0.169,0.465,0.366,0.5267
504,,0.103,0.761,0.136,0.1531
505,,0.0,1.0,0.0,0.0
507,,0.0,0.8,0.2,0.4588
508,,0.594,0.406,0.0,-0.5255
509,,0.145,0.855,0.0,-0.296
510,,0.361,0.508,0.131,-0.804
514,,0.328,0.672,0.0,-0.5994
517,['Washington'],0.431,0.569,0.0,-0.6486
519,,0.409,0.591,0.0,-0.807
522,,0.0,1.0,0.0,0.0
524,,0.0,1.0,0.0,0.0
525,,0.0,1.0,0.0,0.0
527,,0.183,0.817,0.0,-0.5562
530,,0.0,1.0,0.0,0.0
532,,0.226,0.774,0.0,-0.5423
533,,0.103,0.897,0.0,-0.1531
536,,0.26,0.74,0.0,-0.2755
537,"['US', 'Russia']",0.4,0.6,0.0,-0.4588
540,,0.0,0.763,0.237,0.4215
541,,0.0,1.0,0.0,0.0
542,,0.437,0.563,0.0,-0.4767
543,,0.0,1.0,0.0,0.0
546,,0.231,0.769,0.0,-0.2732
547,,0.0,1.0,0.0,0.0
549,,0.529,0.471,0.0,-0.5423
553,,0.236,0.764,0.0,-0.5267
558,['Alabama'],0.516,0.484,0.0,-0.8225
559,['Texas'],0.211,0.789,0.0,-0.34
560,"['Syria', 'Russia']",0.356,0.532,0.112,-0.6798
561,['U.S.'],0.28,0.72,0.0,-0.5423
562,,0.412,0.588,0.0,-0.5423
563,,0.1,0.9,0.0,-0.25
567,,0.334,0.666,0.0,-0.7206
569,"['Maryland', 'Undemocratic']",0.0,0.902,0.098,0.0772
572,,0.0,0.87,0.13,0.4019
573,['Fulfilling'],0.0,1.0,0.0,0.0
575,,0.0,0.821,0.179,0.34
576,,0.166,0.662,0.172,0.0258
578,['Israel'],0.0,1.0,0.0,0.0
580,['Ukraine'],0.439,0.561,0.0,-0.5719
581,,0.0,1.0,0.0,0.0
583,,0.0,0.756,0.244,0.4404
585,,0.0,1.0,0.0,0.0
587,,0.0,1.0,0.0,0.0
588,,0.149,0.851,0.0,-0.2732
592,,0.0,1.0,0.0,0.0
593,,0.0,1.0,0.0,0.0
594,,0.366,0.484,0.151,-0.6124
596,,0.219,0.781,0.0,-0.4215
598,,0.0,0.721,0.279,0.7003
599,,0.281,0.719,0.0,-0.6486
600,,0.265,0.735,0.0,-0.3818
601,,0.162,0.838,0.0,-0.2808
603,,0.0,1.0,0.0,0.0
604,,0.294,0.706,0.0,-0.516
608,,0.186,0.814,0.0,-0.4939
611,['India'],0.0,1.0,0.0,0.0
612,,0.0,0.847,0.153,0.2023
613,,0.0,0.833,0.167,0.25
615,,0.423,0.577,0.0,-0.7065
616,,0.0,0.84,0.16,0.2732
621,,0.483,0.517,0.0,-0.4215
623,,0.0,1.0,0.0,0.0
625,"['Russia', 'India']",0.0,0.867,0.133,0.3182
626,,0.0,0.709,0.291,0.6249
627,,0.091,0.909,0.0,-0.1779
629,,0.0,1.0,0.0,0.0
631,['Syria'],0.333,0.667,0.0,-0.5423
632,,0.0,1.0,0.0,0.0
635,"['Calais', 'France']",0.0,1.0,0.0,0.0
638,,0.0,1.0,0.0,0.0
639,,0.0,1.0,0.0,0.0
640,,0.0,0.806,0.194,0.5574
644,,0.0,1.0,0.0,0.0
645,,0.339,0.661,0.0,-0.8268
646,['Montenegro'],0.0,0.804,0.196,0.296
648,"['US', 'India']",0.574,0.426,0.0,-0.7964
649,['US'],0.0,1.0,0.0,0.0
651,,0.0,1.0,0.0,0.0
652,"['Turkey', 'Russia']",0.391,0.447,0.162,-0.6249
653,,0.0,0.656,0.344,0.6369
658,,0.0,1.0,0.0,0.0
659,,0.174,0.826,0.0,-0.2263
662,,0.0,1.0,0.0,0.0
666,,0.0,1.0,0.0,0.0
668,,0.0,1.0,0.0,0.0
671,,0.223,0.777,0.0,-0.6486
672,,0.0,1.0,0.0,0.0
673,,0.0,0.654,0.346,0.5719
674,,0.0,1.0,0.0,0.0
677,,0.0,1.0,0.0,0.0
680,,0.331,0.424,0.246,-0.25
681,,0.0,0.702,0.298,0.5267
682,,0.0,0.612,0.388,0.2263
683,,0.0,1.0,0.0,0.0
689,,0.0,1.0,0.0,0.0
690,,0.0,0.775,0.225,0.4404
693,"['US', 'Mosul']",0.333,0.667,0.0,-0.5423
694,,0.0,0.355,0.645,0.9646
697,,0.18,0.82,0.0,-0.296
698,,0.211,0.789,0.0,-0.4939
699,,0.0,1.0,0.0,0.0
700,,0.272,0.728,0.0,-0.6249
702,,0.397,0.603,0.0,-0.5574
703,,0.0,1.0,0.0,0.0
704,,0.0,1.0,0.0,0.0
706,,0.153,0.667,0.18,0.1027
711,,0.539,0.461,0.0,-0.802
714,,0.0,0.809,0.191,0.5106
715,,0.398,0.602,0.0,-0.872
720,,0.0,1.0,0.0,0.0
721,,0.0,1.0,0.0,0.0
723,['Mosul'],0.0,1.0,0.0,0.0
724,,0.0,1.0,0.0,0.0
725,['US'],0.104,0.896,0.0,-0.1027
726,,0.292,0.708,0.0,-0.5106
727,,0.089,0.763,0.148,0.0989
728,,0.0,1.0,0.0,0.0
730,"['Homs Province', 'The Vineyard of the']",0.28,0.72,0.0,-0.7906
733,,0.0,0.488,0.512,0.2732
734,,0.2,0.8,0.0,-0.4588
736,,0.0,0.805,0.195,0.4404
739,,0.409,0.438,0.153,-0.5423
741,,0.0,0.777,0.223,0.3164
743,,0.0,1.0,0.0,0.0
744,,0.0,1.0,0.0,0.0
745,,0.0,0.742,0.258,0.4824
746,,0.0,1.0,0.0,0.0
748,['Orlando'],0.209,0.791,0.0,-0.6705
749,,0.0,1.0,0.0,0.0
751,,0.0,1.0,0.0,0.0
752,['Palestine'],0.187,0.813,0.0,-0.3182
754,,0.161,0.839,0.0,-0.3612
756,,0.0,1.0,0.0,0.0
757,,0.415,0.585,0.0,-0.7964
762,,0.0,1.0,0.0,0.0
763,,0.0,0.783,0.217,0.3818
764,,0.0,0.635,0.365,0.3182
767,,0.0,0.879,0.121,0.296
768,,0.204,0.612,0.184,-0.0772
769,,0.205,0.795,0.0,-0.2732
771,"['US', 'Afghanistan']",0.273,0.727,0.0,-0.4588
772,['The United States'],0.153,0.675,0.172,0.0772
775,,0.196,0.804,0.0,-0.6597
777,,0.234,0.766,0.0,-0.6705
778,,0.0,0.787,0.213,0.4019
779,,0.322,0.601,0.077,-0.69
782,,0.272,0.564,0.164,-0.2732
783,,0.0,0.656,0.344,0.2732
784,,0.0,1.0,0.0,0.0
785,,0.0,1.0,0.0,0.0
788,['Russia'],0.184,0.816,0.0,-0.4019
790,['Florida'],0.0,1.0,0.0,0.0
791,,0.0,0.838,0.162,0.4404
793,,0.0,1.0,0.0,0.0
795,,0.0,0.783,0.217,0.3597
796,,0.0,1.0,0.0,0.0
797,['New Eastern Outlook'],0.0,0.855,0.145,0.296
799,,0.126,0.56,0.314,0.6166
801,['U.S.'],0.0,1.0,0.0,0.0
802,,0.253,0.617,0.13,-0.25
803,['the United States of America'],0.0,0.781,0.219,0.4215
804,,0.241,0.58,0.179,-0.0706
805,,0.156,0.844,0.0,-0.34
807,,0.214,0.52,0.266,0.2003
808,,0.0,1.0,0.0,0.0
812,,0.0,1.0,0.0,0.0
813,,0.11,0.515,0.375,0.5574
816,['Turkey'],0.0,1.0,0.0,0.0
817,,0.0,1.0,0.0,0.0
818,,0.402,0.598,0.0,-0.5719
819,,0.0,1.0,0.0,0.0
821,,0.0,0.654,0.346,0.5719
823,,0.464,0.536,0.0,-0.3818
824,['Australia'],0.562,0.438,0.0,-0.8271
827,,0.0,1.0,0.0,0.0
831,,0.0,1.0,0.0,0.0
832,,0.359,0.641,0.0,-0.8555
833,,0.0,1.0,0.0,0.0
834,,0.368,0.632,0.0,-0.6222
836,['Blogs'],0.0,0.828,0.172,0.4019
837,,0.316,0.57,0.113,-0.6015
839,,0.0,1.0,0.0,0.0
841,['Oklahoma'],0.236,0.764,0.0,-0.7579
842,['PARIS'],0.0,0.828,0.172,0.5766
844,,0.0,1.0,0.0,0.0
845,"['US', 'Russia']",0.0,0.803,0.197,0.2411
846,,0.119,0.881,0.0,-0.4019
847,,0.254,0.746,0.0,-0.1779
848,,0.0,1.0,0.0,0.0
849,,0.0,0.894,0.106,0.0772
851,,0.23,0.676,0.095,-0.4588
853,,0.273,0.727,0.0,-0.6705
855,['Finland'],0.408,0.524,0.068,-0.7579
857,,0.0,0.641,0.359,0.4215
861,['Canada'],0.135,0.865,0.0,-0.1027
862,['U.S.'],0.2,0.8,0.0,-0.4588
863,,0.0,1.0,0.0,0.0
867,,0.0,1.0,0.0,0.0
871,,0.27,0.73,0.0,-0.3804
873,,0.423,0.577,0.0,-0.9175
874,['US'],0.0,1.0,0.0,0.0
876,['Alaska'],0.22,0.78,0.0,-0.368
878,,0.0,0.814,0.186,0.4939
881,['Quebec'],0.166,0.799,0.035,-0.6249
882,,0.306,0.541,0.153,-0.4019
884,['Enter Mosul'],0.18,0.82,0.0,-0.296
885,['US'],0.273,0.533,0.193,-0.296
887,,0.0,1.0,0.0,0.0
889,,0.155,0.845,0.0,-0.296
891,,0.0,0.861,0.139,0.3089
893,,0.127,0.573,0.299,0.4019
894,,0.494,0.506,0.0,-0.5994
896,,0.0,0.625,0.375,0.6369
899,,0.218,0.667,0.115,-0.4019
900,,0.0,0.882,0.118,0.34
901,['Wisconsin'],0.0,1.0,0.0,0.0
905,"[""New Clinton Emails - The Onion - America's""]",0.0,1.0,0.0,0.0
907,,0.0,1.0,0.0,0.0
908,,0.0,1.0,0.0,0.0
912,['Rome'],0.0,1.0,0.0,0.0
915,['Sledgehammer'],0.199,0.621,0.18,-0.0772
920,['North Carolina'],0.0,1.0,0.0,0.0
922,,0.0,1.0,0.0,0.0
928,['US'],0.206,0.794,0.0,-0.5994
929,['US'],0.0,1.0,0.0,0.0
930,"['Pakistan', 'India']",0.302,0.698,0.0,-0.3818
931,,0.0,1.0,0.0,0.0
935,,0.367,0.633,0.0,-0.7003
937,,0.0,0.896,0.104,0.2732
938,,0.112,0.748,0.14,0.0772
939,['The United States of America'],0.0,0.781,0.219,0.4215
941,,0.225,0.775,0.0,-0.4404
946,,0.32,0.68,0.0,-0.5106
947,['South Korea -'],0.0,0.748,0.252,0.5719
949,['Hollywood'],0.275,0.725,0.0,-0.6908
953,,0.174,0.826,0.0,-0.2732
956,,0.641,0.359,0.0,-0.91
959,,0.198,0.802,0.0,-0.4939
960,,0.0,1.0,0.0,0.0
964,,0.0,1.0,0.0,0.0
966,,0.34,0.66,0.0,-0.5574
967,,0.314,0.686,0.0,-0.7506
968,,0.0,1.0,0.0,0.0
969,,0.0,1.0,0.0,0.0
973,,0.424,0.576,0.0,-0.7096
974,,0.148,0.524,0.329,0.5859
975,,0.293,0.707,0.0,-0.4404
978,,0.0,0.826,0.174,0.2732
979,,0.333,0.667,0.0,-0.6705
980,,0.0,1.0,0.0,0.0
981,['Syria'],0.145,0.743,0.111,-0.2392
983,,0.0,0.549,0.451,0.8126
984,['Moscow'],0.292,0.455,0.253,-0.1531
986,,0.618,0.382,0.0,-0.8658
990,['Texas county'],0.302,0.698,0.0,-0.3818
991,,0.301,0.636,0.064,-0.6249
994,,0.0,1.0,0.0,0.0
995,,0.099,0.773,0.129,0.1779
996,,0.0,1.0,0.0,0.0
997,['Suburbs'],0.245,0.755,0.0,-0.5023
998,['Florida'],0.185,0.665,0.15,-0.1613
1000,,0.444,0.556,0.0,-0.4939
1001,,0.0,0.764,0.236,0.5719
1002,,0.434,0.566,0.0,-0.7845
1006,,0.24,0.76,0.0,-0.6249
1010,,0.22,0.78,0.0,-0.3071
1011,,0.25,0.714,0.036,-0.8225
1012,,0.0,1.0,0.0,0.0
1014,,0.0,0.857,0.143,0.3612
1016,,0.183,0.817,0.0,-0.4003
1017,,0.0,1.0,0.0,0.0
1019,,0.0,1.0,0.0,0.0
1020,,0.192,0.808,0.0,-0.2263
1022,,0.0,0.571,0.429,0.8176
1023,,0.0,1.0,0.0,0.0
1024,,0.557,0.336,0.107,-0.7717
1032,,0.0,1.0,0.0,0.0
1033,,0.329,0.671,0.0,-0.6597
1036,,0.385,0.615,0.0,-0.3612
1037,,0.259,0.741,0.0,-0.4215
1038,,0.344,0.656,0.0,-0.2732
1041,,0.0,1.0,0.0,0.0
1042,,0.156,0.844,0.0,-0.7125
1043,,0.144,0.625,0.231,0.34
1044,,0.0,1.0,0.0,0.0
1048,,0.0,1.0,0.0,0.0
1049,,0.0,1.0,0.0,0.0
1051,,0.201,0.799,0.0,-0.6166
1052,['U.S.'],0.0,1.0,0.0,0.0
1054,,0.0,1.0,0.0,0.0
1059,['Colombia'],0.258,0.469,0.273,0.0516
1060,,0.384,0.505,0.111,-0.5719
1061,,0.0,0.473,0.527,0.7783
1063,,0.419,0.581,0.0,-0.5574
1068,,0.095,0.785,0.12,0.1531
1074,,0.079,0.826,0.094,0.3919
1078,,0.0,1.0,0.0,0.0
1079,['France'],0.113,0.721,0.166,0.1779
1080,,0.211,0.789,0.0,-0.34
1082,['US'],0.0,0.727,0.273,0.6289
1083,,0.28,0.72,0.0,-0.3612
1085,,0.0,0.508,0.492,0.7003
1087,,0.0,1.0,0.0,0.0
1088,,0.0,0.7,0.3,0.7184
1091,,0.0,1.0,0.0,0.0
1094,,0.0,0.874,0.126,0.1511
1095,,0.324,0.676,0.0,-0.34
1096,,0.0,1.0,0.0,0.0
1099,['Mosul'],0.0,1.0,0.0,0.0
1101,,0.0,0.851,0.149,0.2732
1102,,0.0,0.769,0.231,0.2732
1105,,0.0,1.0,0.0,0.0
1107,,0.343,0.657,0.0,-0.69
1111,,0.174,0.826,0.0,-0.2732
1113,['the United States'],0.0,0.682,0.318,0.4215
1114,,0.235,0.675,0.09,-0.4451
1115,['US'],0.0,0.651,0.349,0.8176
1116,,0.085,0.736,0.178,0.34
1118,,0.0,0.714,0.286,0.4215
1120,,0.603,0.397,0.0,-0.8442
1121,,0.0,1.0,0.0,0.0
1122,['Saudi Arabia'],0.16,0.84,0.0,-0.2263
1124,,0.759,0.241,0.0,-0.743
1125,,0.0,1.0,0.0,0.0
1127,"['Maryland', 'Undemocratic']",0.0,0.894,0.106,0.0772
1130,,0.0,0.714,0.286,0.1531
1131,,0.0,1.0,0.0,0.0
1138,,0.216,0.784,0.0,-0.296
1139,,0.0,0.465,0.535,0.3182
1141,,0.0,0.844,0.156,0.34
1142,,0.0,1.0,0.0,0.0
1145,,0.253,0.616,0.13,-0.4215
1147,,0.302,0.698,0.0,-0.4404
1149,['Turkey'],0.0,1.0,0.0,0.0
1151,,0.241,0.759,0.0,-0.2263
1152,,0.0,0.595,0.405,0.5267
1156,,0.0,1.0,0.0,0.0
1157,['Oregon'],0.149,0.851,0.0,-0.1027
1158,,0.231,0.769,0.0,-0.5106
1159,"['US', 'Norway']",0.0,1.0,0.0,0.0
1161,['Palmyra'],0.0,1.0,0.0,0.0
1162,,0.256,0.744,0.0,-0.4767
1164,['Russia'],0.077,0.718,0.204,0.3182
1166,,0.0,1.0,0.0,0.0
1169,,0.661,0.339,0.0,-0.5994
1171,,0.0,1.0,0.0,0.0
1174,,0.0,1.0,0.0,0.0
1176,['Syria'],0.262,0.537,0.201,-0.2263
1177,,0.209,0.791,0.0,-0.4404
1179,"['China', 'Russia']",0.0,1.0,0.0,0.0
1183,,0.0,0.724,0.276,0.6369
1184,,0.0,0.631,0.369,0.4767
1188,,0.0,0.686,0.314,0.4939
1191,,0.0,1.0,0.0,0.0
1193,['Berkeley'],0.0,1.0,0.0,0.0
1197,,0.0,1.0,0.0,0.0
1198,,0.206,0.71,0.084,-0.4404
1199,,0.459,0.541,0.0,-0.8176
1201,,0.279,0.721,0.0,-0.4767
1203,['France'],0.225,0.775,0.0,-0.7256
1205,,0.0,1.0,0.0,0.0
1206,,0.0,0.811,0.189,0.4215
1207,,0.0,1.0,0.0,0.0
1209,['US'],0.0,1.0,0.0,0.0
1210,['US'],0.286,0.542,0.172,-0.3182
1212,,0.0,0.842,0.158,0.128
1213,,0.141,0.859,0.0,-0.2023
1214,['France'],0.233,0.767,0.0,-0.7256
1217,,0.0,0.854,0.146,0.3367
1220,['Yemen'],0.0,0.696,0.304,0.5423
1223,,0.283,0.556,0.161,-0.2462
1225,['Minnesota'],0.244,0.756,0.0,-0.4939
1226,,0.201,0.799,0.0,-0.3089
1227,,0.0,1.0,0.0,0.0
1228,,0.0,0.678,0.322,0.5859
1229,,0.0,1.0,0.0,0.0
1230,,0.223,0.777,0.0,-0.3182
1234,,0.403,0.597,0.0,-0.8442
1238,['U.S.'],0.162,0.838,0.0,-0.4019
1239,,0.314,0.686,0.0,-0.4939
1241,['US'],0.394,0.606,0.0,-0.7579
1244,,0.0,1.0,0.0,0.0
1247,,0.0,0.93,0.07,0.0129
1249,,0.0,1.0,0.0,0.0
1250,,0.0,1.0,0.0,0.0
1251,,0.481,0.519,0.0,-0.8807
1253,,0.625,0.375,0.0,-0.875
1255,,0.0,1.0,0.0,0.0
1256,,0.0,0.75,0.25,0.4576
1257,,0.538,0.462,0.0,-0.7906
1258,,0.537,0.463,0.0,-0.5859
1261,,0.0,1.0,0.0,0.0
1262,,0.0,1.0,0.0,0.0
1264,,0.405,0.595,0.0,-0.5267
1265,,0.0,0.791,0.209,0.4404
1268,,0.0,1.0,0.0,0.0
1269,,0.0,0.803,0.197,0.4019
1272,,0.251,0.58,0.168,-0.3167
1273,,0.0,1.0,0.0,0.0
1275,,0.181,0.819,0.0,-0.4767
1276,,0.0,1.0,0.0,0.0
1278,,0.427,0.402,0.171,-0.7269
1281,,0.179,0.67,0.151,-0.128
1282,['The United States'],0.26,0.548,0.192,-0.25
1284,,0.0,1.0,0.0,0.0
1286,"['Malaysia', 'China']",0.0,0.87,0.13,0.2023
1287,,0.444,0.556,0.0,-0.8402
1288,,0.0,1.0,0.0,0.0
1289,['Michigan'],0.31,0.69,0.0,-0.7034
1294,"['Warsaw', 'London']",0.272,0.728,0.0,-0.4767
1295,,0.0,1.0,0.0,0.0
1299,,0.252,0.748,0.0,-0.4019
1300,,0.0,0.657,0.343,0.7783
1302,,0.13,0.87,0.0,-0.2732
1303,,0.167,0.833,0.0,-0.1027
1305,['U.S.'],0.075,0.925,0.0,-0.0572
1306,,0.417,0.583,0.0,-0.5106
1308,,0.778,0.222,0.0,-0.5423
1309,,0.0,0.592,0.408,0.7845
1310,,0.0,1.0,0.0,0.0
1311,,0.195,0.805,0.0,-0.4404
1312,"['Russia', 'Tokyo']",0.098,0.671,0.232,0.4939
1314,,0.093,0.61,0.297,0.7184
1316,,0.0,1.0,0.0,0.0
1317,,0.0,0.87,0.13,0.2023
1320,,0.0,1.0,0.0,0.0
1322,,0.444,0.556,0.0,-0.6808
1324,,0.0,1.0,0.0,0.0
1325,,0.177,0.64,0.182,0.0258
1329,,0.0,1.0,0.0,0.0
1330,"['Pakistan', 'Balochistan']",0.368,0.632,0.0,-0.5423
1331,,0.0,1.0,0.0,0.0
1336,,0.0,1.0,0.0,0.0
1338,['United States'],0.0,0.741,0.259,0.4215
1339,['Saudi Arabia'],0.0,0.748,0.252,0.4019
1341,,0.0,0.676,0.324,0.3382
1342,,0.0,1.0,0.0,0.0
1343,,0.298,0.702,0.0,-0.7783
1344,"['North Korea', 'Israel']",0.319,0.539,0.142,-0.5574
1345,,0.0,0.556,0.444,0.6808
1349,,0.383,0.617,0.0,-0.4767
1352,,0.0,1.0,0.0,0.0
1353,"['US', 'Russia']",0.196,0.804,0.0,-0.296
1354,,0.0,0.818,0.182,0.4404
1356,,0.0,1.0,0.0,0.0
1357,,0.211,0.789,0.0,-0.34
1358,,0.0,0.5,0.5,0.25
1360,,0.0,1.0,0.0,0.0
1362,,0.0,1.0,0.0,0.0
1369,,0.0,1.0,0.0,0.0
1371,"['America', 'Philippines', 'Russia', 'China']",0.119,0.881,0.0,-0.3182
1372,['California'],0.434,0.566,0.0,-0.7845
1376,,0.0,1.0,0.0,0.0
1377,,0.0,1.0,0.0,0.0
1378,,0.155,0.845,0.0,-0.296
1379,,0.0,0.859,0.141,0.2023
1381,['Russia'],0.464,0.536,0.0,-0.6369
1382,,0.0,1.0,0.0,0.0
1386,,0.301,0.613,0.086,-0.5423
1387,,0.655,0.345,0.0,-0.8225
1388,"['Tal Afar', 'Turkey']",0.123,0.877,0.0,-0.2732
1389,,0.0,1.0,0.0,0.0
1390,,0.191,0.461,0.349,0.34
1391,['America'],0.0,0.635,0.365,0.3182
1392,['Russia'],0.198,0.802,0.0,-0.5719
1395,,0.0,0.798,0.202,0.5106
1396,,0.0,1.0,0.0,0.0
1398,['America'],0.0,1.0,0.0,0.0
1402,,0.0,1.0,0.0,0.0
1403,,0.179,0.474,0.347,0.4939
1404,,0.0,0.769,0.231,0.4019
1405,,0.167,0.833,0.0,-0.34
1410,,0.0,1.0,0.0,0.0
1411,,0.194,0.486,0.319,0.2023
1413,['Ukraine'],0.464,0.536,0.0,-0.8316
1414,,0.0,0.637,0.363,0.6908
1415,,0.0,1.0,0.0,0.0
1418,,0.246,0.59,0.165,-0.2732
1419,,0.444,0.464,0.093,-0.743
1420,,0.0,0.796,0.204,0.3182
1422,,0.234,0.702,0.064,-0.5994
1424,,0.0,1.0,0.0,0.0
1426,,0.0,1.0,0.0,0.0
1427,,0.314,0.686,0.0,-0.4939
1433,,0.235,0.765,0.0,-0.4717
1435,,0.462,0.538,0.0,-0.8225
1436,,0.111,0.889,0.0,-0.128
1438,,0.0,1.0,0.0,0.0
1443,,0.211,0.789,0.0,-0.296
1445,,0.529,0.337,0.135,-0.8481
1449,,0.0,1.0,0.0,0.0
1450,['U.S.'],0.252,0.748,0.0,-0.4019
1451,,0.0,1.0,0.0,0.0
1453,,0.0,0.901,0.099,0.3182
1455,,0.196,0.536,0.268,0.0516
1458,,0.216,0.784,0.0,-0.296
1461,,0.0,1.0,0.0,0.0
1462,,0.401,0.515,0.085,-0.8622
1464,,0.0,0.904,0.096,0.2023
1465,,0.0,1.0,0.0,0.0
1466,,0.532,0.468,0.0,-0.8779
1467,['US'],0.0,1.0,0.0,0.0
1468,,0.211,0.789,0.0,-0.34
1469,,0.277,0.723,0.0,-0.3182
1470,,0.0,0.882,0.118,0.1531
1471,,0.174,0.826,0.0,-0.2263
1472,,0.0,1.0,0.0,0.0
1475,,0.0,0.828,0.172,0.3595
1480,,0.0,1.0,0.0,0.0
1483,,0.187,0.642,0.171,-0.0772
1485,,0.0,1.0,0.0,0.0
1489,,0.0,0.595,0.405,0.5267
1491,,0.175,0.583,0.242,0.2023
1495,,0.0,1.0,0.0,0.0
1500,,0.372,0.37,0.259,-0.2103
1505,,0.0,0.828,0.172,0.4019
1507,"['America', 'Florida', 'US']",0.0,0.766,0.234,0.7269
1509,,0.0,1.0,0.0,0.0
1510,,0.0,1.0,0.0,0.0
1513,['Tennessee'],0.272,0.564,0.164,-0.2732
1514,,0.325,0.675,0.0,-0.6486
1517,,0.382,0.618,0.0,-0.7783
1518,,0.254,0.746,0.0,-0.5267
1519,,0.0,1.0,0.0,0.0
1520,,0.0,1.0,0.0,0.0
1521,,0.0,0.745,0.255,0.34
1522,,0.173,0.827,0.0,-0.3182
1523,['US'],0.0,1.0,0.0,0.0
1527,,0.0,1.0,0.0,0.0
1530,,0.328,0.672,0.0,-0.6597
1532,,0.0,1.0,0.0,0.0
1533,,0.063,0.937,0.0,-0.0387
1534,,0.0,0.816,0.184,0.4019
1535,,0.328,0.672,0.0,-0.5994
1536,,0.0,1.0,0.0,0.0
1538,,0.239,0.373,0.388,0.25
1539,,0.2,0.8,0.0,-0.3612
1540,,0.144,0.856,0.0,-0.4019
1542,,0.0,1.0,0.0,0.0
1547,"['Russia', 'Kuznetsov']",0.0,1.0,0.0,0.0
1548,,0.193,0.807,0.0,-0.4767
1550,,0.091,0.909,0.0,-0.296
1551,,0.0,1.0,0.0,0.0
1552,,0.0,1.0,0.0,0.0
1553,,0.0,0.732,0.268,0.5106
1554,,0.31,0.69,0.0,-0.743
1555,,0.509,0.259,0.233,-0.4939
1556,,0.0,1.0,0.0,0.0
1560,['California'],0.0,1.0,0.0,0.0
1561,,0.164,0.836,0.0,-0.3291
1562,,0.236,0.764,0.0,-0.4019
1563,,0.0,0.925,0.075,0.3612
1564,,0.155,0.845,0.0,-0.296
1566,['United States'],0.265,0.605,0.13,-0.4404
1567,['Aliens'],0.0,1.0,0.0,0.0
1568,,0.0,1.0,0.0,0.0
1571,,0.091,0.726,0.183,0.368
1574,,0.339,0.661,0.0,-0.6249
1575,,0.389,0.611,0.0,-0.836
1576,,0.242,0.758,0.0,-0.1511
1578,,0.173,0.827,0.0,-0.3182
1580,['D.C.'],0.0,1.0,0.0,0.0
1581,,0.142,0.858,0.0,-0.765
1582,,0.209,0.593,0.198,-0.0943
1584,,0.0,1.0,0.0,0.0
1587,,0.0,0.577,0.423,0.5267
1588,,0.0,1.0,0.0,0.0
1589,,0.0,0.476,0.524,0.296
1590,,0.464,0.536,0.0,-0.8316
1594,,0.0,1.0,0.0,0.0
1601,,0.0,1.0,0.0,0.0
1603,,0.213,0.588,0.199,-0.0772
1604,,0.0,1.0,0.0,0.0
1607,,0.0,1.0,0.0,0.0
1608,,0.0,0.881,0.119,0.3182
1610,"['Profile', 'Profile']",0.533,0.467,0.0,-0.8402
1611,,0.227,0.773,0.0,-0.6124
1613,,0.0,1.0,0.0,0.0
1615,,0.0,1.0,0.0,0.0
1616,,0.0,1.0,0.0,0.0
1618,,0.0,1.0,0.0,0.0
1620,,0.0,1.0,0.0,0.0
1621,,0.0,1.0,0.0,0.0
1622,['Australia'],0.162,0.838,0.0,-0.4019
1623,,0.169,0.635,0.196,0.128
1625,,0.0,0.678,0.322,0.7371
1628,,0.0,1.0,0.0,0.0
1629,,0.0,1.0,0.0,0.0
1631,,0.0,0.823,0.177,0.4215
1633,,0.085,0.915,0.0,-0.0516
1634,,0.233,0.631,0.136,-0.4404
1635,,0.0,1.0,0.0,0.0
1637,,0.0,0.654,0.346,0.5719
1638,['Saudi Arabia Re-Elected'],0.204,0.796,0.0,-0.3182
1639,,0.621,0.379,0.0,-0.802
1641,,0.0,1.0,0.0,0.0
1642,['Mosul'],0.0,1.0,0.0,0.0
1643,,0.0,1.0,0.0,0.0
1645,,0.0,0.769,0.231,0.4019
1646,['Ethiopia'],0.0,1.0,0.0,0.0
1650,,0.0,1.0,0.0,0.0
1651,,0.113,0.887,0.0,-0.1027
1652,"['Russia', 'Syria']",0.0,1.0,0.0,0.0
1654,,0.0,0.597,0.403,0.6597
1655,['US'],0.52,0.48,0.0,-0.7579
1658,,0.182,0.818,0.0,-0.4404
1659,,0.0,0.805,0.195,0.1779
1661,,0.0,1.0,0.0,0.0
1662,,0.273,0.727,0.0,-0.4588
1663,,0.0,1.0,0.0,0.0
1664,,0.096,0.728,0.176,0.743
1665,,0.0,0.83,0.17,0.4724
1666,,0.0,1.0,0.0,0.0
1667,['Venezuela'],0.593,0.407,0.0,-0.8807
1670,,0.0,1.0,0.0,0.0
1672,,0.0,1.0,0.0,0.0
1674,,0.0,1.0,0.0,0.0
1675,,0.0,1.0,0.0,0.0
1679,,0.209,0.616,0.175,-0.1779
1680,,0.0,1.0,0.0,0.0
1681,,0.0,1.0,0.0,0.0
1683,,0.0,0.761,0.239,0.296
1684,,0.17,0.667,0.163,-0.0258
1685,['America'],0.188,0.606,0.206,0.0772
1686,,0.0,1.0,0.0,0.0
1687,,0.0,0.688,0.312,0.6739
1688,['Iran'],0.265,0.612,0.122,-0.34
1689,"['Tsunami', 'New Zealand']",0.238,0.762,0.0,-0.3612
1690,['US'],0.0,1.0,0.0,0.0
1691,,0.0,1.0,0.0,0.0
1693,,0.0,1.0,0.0,0.0
1697,,0.217,0.783,0.0,-0.5574
1699,,0.231,0.769,0.0,-0.34
1701,['Israel'],0.166,0.605,0.229,0.2103
1704,,0.0,1.0,0.0,0.0
1705,['Miami'],0.0,0.769,0.231,0.7284
1709,,0.0,1.0,0.0,0.0
1710,,0.223,0.777,0.0,-0.3182
1712,"['Iran', 'Finland', 'Tehran']",0.0,1.0,0.0,0.0
1719,,0.079,0.743,0.178,0.4588
1721,,0.0,0.769,0.231,0.4019
1724,,0.2,0.8,0.0,-0.3612
1726,,0.295,0.504,0.201,-0.3182
1727,,0.0,0.708,0.292,0.5106
1728,,0.188,0.812,0.0,-0.6597
1729,,0.225,0.775,0.0,-0.4939
1730,['Pakistan'],0.0,1.0,0.0,0.0
1732,"['Standing Rock', 'North Dakota']",0.0,1.0,0.0,0.0
1733,,0.135,0.865,0.0,-0.2942
1737,,0.0,1.0,0.0,0.0
1738,,0.0,1.0,0.0,0.0
1739,,0.0,1.0,0.0,0.0
1741,,0.535,0.465,0.0,-0.8805
1749,,0.0,0.769,0.231,0.5106
1751,,0.0,0.927,0.073,0.0258
1753,,0.0,0.327,0.673,0.8834
1755,,0.0,1.0,0.0,0.0
1757,['Israel'],0.0,0.791,0.209,0.4404
1759,,0.176,0.672,0.151,-0.0772
1760,,0.247,0.753,0.0,-0.5574
1762,,0.15,0.661,0.189,-0.0258
1763,,0.202,0.798,0.0,-0.5106
1766,,0.328,0.672,0.0,-0.5267
1767,['FLORIDA'],0.215,0.785,0.0,-0.5093
1768,,0.0,1.0,0.0,0.0
1769,,0.37,0.37,0.259,-0.0516
1770,,0.196,0.608,0.196,0.0
1771,,0.0,0.841,0.159,0.1779
1772,,0.142,0.858,0.0,-0.4559
1773,,0.0,1.0,0.0,0.0
1777,,0.0,0.851,0.149,0.4199
1778,,0.0,0.87,0.13,0.2732
1783,,0.353,0.647,0.0,-0.7184
1784,,0.0,1.0,0.0,0.0
1786,,0.215,0.661,0.124,-0.2732
1788,,0.081,0.756,0.162,0.3626
1789,,0.0,0.654,0.346,0.5719
1792,,0.0,0.843,0.157,0.4215
1793,,0.0,1.0,0.0,0.0
1795,,0.0,0.551,0.449,0.6908
1797,,0.623,0.377,0.0,-0.6808
1803,,0.456,0.544,0.0,-0.636
1804,['California'],0.518,0.482,0.0,-0.8221
1808,,0.0,1.0,0.0,0.0
1809,"['Jerusalem', 'Old City']",0.0,1.0,0.0,0.0
1810,,0.254,0.746,0.0,-0.1779
1811,,0.0,0.632,0.368,0.5423
1816,['India'],0.155,0.845,0.0,-0.296
1819,,0.2,0.8,0.0,-0.3612
1820,,0.412,0.588,0.0,-0.743
1821,,0.55,0.45,0.0,-0.7269
1822,,0.0,0.783,0.217,0.5574
1825,,0.285,0.715,0.0,-0.6113
1832,['Swansea City'],0.0,0.725,0.275,0.5859
1833,,0.0,1.0,0.0,0.0
1834,,0.0,0.742,0.258,0.765
1835,,0.286,0.714,0.0,-0.5574
1839,,0.4,0.6,0.0,-0.7184
1840,,0.0,1.0,0.0,0.0
1844,,0.0,0.872,0.128,0.3612
1845,,0.0,1.0,0.0,0.0
1846,,0.286,0.714,0.0,-0.5574
1848,['America'],0.326,0.674,0.0,-0.4404
1849,['U.S.'],0.0,1.0,0.0,0.0
1851,,0.0,1.0,0.0,0.0
1852,['America'],0.355,0.645,0.0,-0.5267
1853,,0.0,1.0,0.0,0.0
1855,,0.131,0.739,0.131,0.0
1856,,0.0,0.644,0.356,0.4137
1858,,0.381,0.619,0.0,-0.5719
1859,,0.0,0.741,0.259,0.4847
1860,,0.233,0.64,0.128,-0.4215
1862,,0.0,0.875,0.125,0.25
1863,,0.583,0.417,0.0,-0.8807
1865,,0.0,1.0,0.0,0.0
1867,,0.209,0.663,0.128,-0.3818
1868,,0.368,0.632,0.0,-0.5423
1869,,0.0,0.745,0.255,0.34
1870,,0.255,0.745,0.0,-0.34
1871,,0.0,0.73,0.27,0.5719
1873,,0.0,1.0,0.0,0.0
1874,,0.35,0.583,0.067,-0.8074
1878,,0.0,0.738,0.262,0.6833
1879,['North Carolina'],0.0,1.0,0.0,0.0
1880,,0.0,1.0,0.0,0.0
1881,,0.324,0.537,0.14,-0.5319
1884,['Paris'],0.0,0.753,0.247,0.3182
1885,['New Moon'],0.0,1.0,0.0,0.0
1886,,0.186,0.697,0.116,-0.298
1888,,0.142,0.858,0.0,-0.5106
1889,"['U.S.', 'Syria']",0.0,1.0,0.0,0.0
1890,,0.145,0.855,0.0,-0.296
1891,,0.193,0.807,0.0,-0.4767
1892,['Britain'],0.0,1.0,0.0,0.0
1893,,0.301,0.699,0.0,-0.5766
1897,,0.0,1.0,0.0,0.0
1898,['America'],0.0,1.0,0.0,0.0
1900,,0.31,0.69,0.0,-0.4019
1901,,0.0,0.891,0.109,0.296
1903,,0.143,0.613,0.243,0.2411
1905,,0.459,0.541,0.0,-0.7783
1906,,0.344,0.656,0.0,-0.6361
1908,,0.159,0.773,0.069,-0.4767
1910,,0.262,0.738,0.0,-0.4939
1913,,0.0,0.752,0.248,0.5106
1915,,0.203,0.45,0.347,0.2342
1916,,0.412,0.588,0.0,-0.5423
1918,['New York'],0.0,1.0,0.0,0.0
1919,,0.0,0.743,0.257,0.4795
1920,,0.0,1.0,0.0,0.0
1921,,0.0,0.827,0.173,0.2235
1926,,0.442,0.558,0.0,-0.8271
1927,,0.169,0.61,0.221,0.0258
1930,,0.0,0.849,0.151,0.4939
1932,,0.0,0.694,0.306,0.4738
1933,,0.505,0.495,0.0,-0.9049
1934,"['Russia', 'France']",0.186,0.814,0.0,-0.1531
1936,,0.464,0.536,0.0,-0.6369
1940,,0.457,0.543,0.0,-0.7096
1942,,0.266,0.734,0.0,-0.7243
1943,,0.222,0.444,0.333,0.25
1944,,0.421,0.579,0.0,-0.6249
1945,,0.0,1.0,0.0,0.0
1947,"['Morocco', 'Spain']",0.0,1.0,0.0,0.0
1949,,0.0,1.0,0.0,0.0
1950,"['Israel', 'Israel']",0.0,1.0,0.0,0.0
1953,['Mosul'],0.244,0.756,0.0,-0.4404
1956,,0.0,0.758,0.242,0.296
1960,,0.0,0.834,0.166,0.5255
1961,['California'],0.194,0.806,0.0,-0.34
1962,,0.288,0.712,0.0,-0.8271
1964,,0.341,0.659,0.0,-0.4767
1965,,0.195,0.805,0.0,-0.4404
1968,,0.537,0.463,0.0,-0.7003
1969,,0.494,0.506,0.0,-0.8316
1971,,0.19,0.612,0.197,0.0258
1976,,0.0,0.855,0.145,0.3724
1977,['America'],0.0,1.0,0.0,0.0
1979,,0.0,1.0,0.0,0.0
1981,,0.348,0.652,0.0,-0.4939
1982,,0.0,1.0,0.0,0.0
1983,,0.204,0.796,0.0,-0.3182
1985,,0.315,0.685,0.0,-0.3182
1988,,0.0,0.759,0.241,0.5423
1989,['Standing Rock'],0.429,0.571,0.0,-0.7184
1990,,0.0,1.0,0.0,0.0
1992,,0.192,0.659,0.148,-0.2023
1993,,0.0,1.0,0.0,0.0
1994,['Jynxster'],0.283,0.58,0.138,-0.7184
1997,,0.0,1.0,0.0,0.0
2002,['Russia'],0.0,1.0,0.0,0.0
2005,['Paris'],0.065,0.688,0.247,0.6705
2007,,0.0,1.0,0.0,0.0
2008,,0.0,0.533,0.467,0.5423
2011,['Russia'],0.404,0.596,0.0,-0.7269
2012,,0.153,0.612,0.235,0.2023
2014,,0.0,1.0,0.0,0.0
2015,,0.522,0.323,0.156,-0.7783
2016,,0.0,1.0,0.0,0.0
2018,,0.0,1.0,0.0,0.0
2023,,0.0,1.0,0.0,0.0
2026,,0.435,0.426,0.139,-0.6334
2027,,0.0,1.0,0.0,0.0
2029,,0.286,0.714,0.0,-0.34
2030,['Germany'],0.0,0.748,0.252,0.4019
2031,,0.192,0.808,0.0,-0.2263
2032,,0.08,0.664,0.255,0.7184
2034,,0.0,1.0,0.0,0.0
2038,,0.0,0.781,0.219,0.4215
2040,,0.0,1.0,0.0,0.0
2041,,0.0,1.0,0.0,0.0
2042,['US'],0.0,1.0,0.0,0.0
2045,,0.15,0.599,0.251,0.3338
2046,,0.56,0.44,0.0,-0.6249
2052,,0.227,0.567,0.206,-0.0772
2055,['Cleveland'],0.286,0.714,0.0,-0.6124
2056,"['US', 'Russia']",0.0,0.691,0.309,0.7003
2058,,0.174,0.826,0.0,-0.2263
2059,,0.0,0.859,0.141,0.3182
2061,,0.0,0.824,0.176,0.5927
2062,,0.0,1.0,0.0,0.0
2070,,0.0,1.0,0.0,0.0
2072,['Florida'],0.278,0.722,0.0,-0.4019
2074,,0.0,0.515,0.485,0.5719
2076,,0.139,0.667,0.194,0.2263
2079,,0.107,0.491,0.402,0.765
2081,,0.0,1.0,0.0,0.0
2082,,0.0,1.0,0.0,0.0
2083,,0.0,1.0,0.0,0.0
2084,,0.0,1.0,0.0,0.0
2085,,0.0,1.0,0.0,0.0
2086,"['Abu Dhabi', 'Wales']",0.0,0.879,0.121,0.4019
2088,,0.162,0.676,0.162,0.0
2093,,0.0,1.0,0.0,0.0
2094,,0.0,0.709,0.291,0.5719
2096,,0.0,0.619,0.381,0.5719
2098,,0.0,0.725,0.275,0.4648
2101,,0.0,1.0,0.0,0.0
2107,,0.0,1.0,0.0,0.0
2110,,0.0,1.0,0.0,0.0
2114,,0.0,1.0,0.0,0.0
2115,,0.281,0.719,0.0,-0.5994
2117,,0.436,0.564,0.0,-0.8176
2118,,0.0,0.635,0.365,0.3182
2119,,0.483,0.443,0.074,-0.8519
2120,,0.0,1.0,0.0,0.0
2121,,0.248,0.752,0.0,-0.4522
2123,,0.516,0.484,0.0,-0.4939
2124,,0.355,0.645,0.0,-0.8689
2125,,0.0,0.841,0.159,0.1779
2127,,0.0,0.808,0.192,0.4754
2129,,0.0,1.0,0.0,0.0
2130,,0.394,0.606,0.0,-0.5994
2132,,0.353,0.647,0.0,-0.5994
2133,,0.227,0.773,0.0,-0.5719
2135,,0.297,0.633,0.07,-0.5574
2138,,0.0,1.0,0.0,0.0
2139,,0.0,0.543,0.457,0.6369
2140,,0.0,1.0,0.0,0.0
2142,,0.248,0.752,0.0,-0.5106
2144,,0.0,1.0,0.0,0.0
2145,['Britain'],0.306,0.694,0.0,-0.296
2146,['Russia'],0.0,1.0,0.0,0.0
2148,,0.185,0.684,0.131,-0.3612
2153,,0.286,0.714,0.0,-0.1531
2155,,0.0,0.656,0.344,0.4939
2156,,0.079,0.803,0.118,0.2105
2157,,0.0,1.0,0.0,0.0
2160,,0.35,0.65,0.0,-0.6486
2162,,0.481,0.519,0.0,-0.7579
2163,"['Turkey', 'Raqqa']",0.0,0.87,0.13,0.128
2165,,0.0,1.0,0.0,0.0
2171,,0.231,0.769,0.0,-0.5574
2173,,0.0,0.818,0.182,0.4404
2174,,0.0,1.0,0.0,0.0
2176,,0.0,1.0,0.0,0.0
2177,,0.0,1.0,0.0,0.0
2178,,0.0,1.0,0.0,0.0
2179,,0.0,0.84,0.16,0.2732
2180,['Guatemala'],0.0,1.0,0.0,0.0
2181,,0.467,0.533,0.0,-0.5423
2183,,0.171,0.69,0.139,-0.1523
2184,,0.0,0.855,0.145,0.296
2186,,0.0,1.0,0.0,0.0
2189,,0.153,0.847,0.0,-0.2023
2191,,0.0,1.0,0.0,0.0
2192,,0.424,0.576,0.0,-0.7096
2195,,0.0,0.826,0.174,0.2263
2197,['Iceland'],0.086,0.679,0.235,0.34
2201,,0.0,1.0,0.0,0.0
2203,,0.0,1.0,0.0,0.0
2204,,0.286,0.714,0.0,-0.4215
2209,,0.0,1.0,0.0,0.0
2210,,0.218,0.495,0.287,0.1779
2211,,0.0,1.0,0.0,0.0
2214,,0.151,0.32,0.529,0.5746
2215,['D.C.'],0.323,0.677,0.0,-0.7351
2216,['Washington DC'],0.0,1.0,0.0,0.0
2217,,0.494,0.506,0.0,-0.5994
2218,,0.305,0.593,0.102,-0.5267
2219,,0.213,0.787,0.0,-0.4019
2221,,0.314,0.686,0.0,-0.4939
2222,,0.0,0.86,0.14,0.0772
2224,,0.0,1.0,0.0,0.0
2226,,0.286,0.714,0.0,-0.34
2232,,0.162,0.739,0.099,-0.2577
2235,,0.407,0.593,0.0,-0.6705
2236,,0.0,1.0,0.0,0.0
2238,,0.0,1.0,0.0,0.0
2239,"['US', 'Iran', 'Yemen']",0.0,1.0,0.0,0.0
2240,,0.459,0.541,0.0,-0.7783
2241,['America'],0.118,0.882,0.0,-0.0516
2242,,0.229,0.5,0.271,0.1531
2244,,0.0,1.0,0.0,0.0
2245,,0.177,0.576,0.247,0.1779
2247,,0.504,0.496,0.0,-0.7269
2248,,0.0,1.0,0.0,0.0
2249,['Russia'],0.0,1.0,0.0,0.0
2252,,0.0,1.0,0.0,0.0
2253,,0.147,0.733,0.12,-0.1027
2254,,0.0,1.0,0.0,0.0
2256,,0.354,0.646,0.0,-0.6682
2258,['US'],0.0,1.0,0.0,0.0
2260,,0.0,0.658,0.342,0.3818
2264,,0.0,0.794,0.206,0.3252
2266,,0.176,0.824,0.0,-0.4939
2267,"['US', 'Mosul']",0.0,1.0,0.0,0.0
2268,,0.286,0.714,0.0,-0.5859
2271,"['modern MI6', 'Britain']",0.0,0.87,0.13,0.2023
2274,,0.13,0.87,0.0,-0.4019
2279,,0.293,0.707,0.0,-0.4404
2281,,0.0,1.0,0.0,0.0
2285,,0.291,0.709,0.0,-0.6249
2287,,0.206,0.794,0.0,-0.3818
2289,,0.0,1.0,0.0,0.0
2291,,0.0,0.707,0.293,0.4404
2292,,0.438,0.433,0.13,-0.8126
2293,,0.363,0.517,0.119,-0.7345
2295,['Arizona'],0.375,0.625,0.0,-0.4588
2296,,0.204,0.725,0.071,-0.4635
2297,,0.333,0.667,0.0,-0.5423
2298,,0.0,1.0,0.0,0.0
2302,,0.0,0.828,0.172,0.4003
2303,,0.205,0.795,0.0,-0.4767
2306,,0.0,1.0,0.0,0.0
2309,['Oregon'],0.216,0.784,0.0,-0.5106
2310,,0.0,0.784,0.216,0.5106
2311,,0.0,1.0,0.0,0.0
2313,,0.172,0.828,0.0,-0.4019
2314,,0.19,0.81,0.0,-0.6124
2319,['Mosul'],0.226,0.348,0.426,0.3182
2321,['Canada'],0.0,0.654,0.346,0.5719
2323,['Saudi Arabia'],0.0,1.0,0.0,0.0
2324,['US'],0.158,0.705,0.137,-0.128
2326,['China'],0.0,0.779,0.221,0.1779
2327,,0.0,1.0,0.0,0.0
2330,,0.0,0.573,0.427,0.8271
2332,"['US', 'Yemen']",0.273,0.727,0.0,-0.6705
2333,,0.0,0.584,0.416,0.7506
2334,,0.451,0.549,0.0,-0.8926
2335,,0.347,0.653,0.0,-0.7845
2336,,0.25,0.75,0.0,-0.4588
2339,['Russia'],0.0,1.0,0.0,0.0
2341,,0.245,0.755,0.0,-0.3818
2342,,0.229,0.453,0.317,0.0431
2343,,0.0,0.662,0.338,0.6249
2344,"['Iran', 'Russia', 'Syria', 'Moscow']",0.0,1.0,0.0,0.0
2345,,0.213,0.787,0.0,-0.2263
2347,,0.0,1.0,0.0,0.0
2348,,0.0,1.0,0.0,0.0
2354,,0.392,0.608,0.0,-0.7964
2357,,0.315,0.685,0.0,-0.7531
2358,,0.207,0.559,0.235,0.128
2359,['Russia'],0.11,0.89,0.0,-0.1531
2360,['Russia'],0.339,0.661,0.0,-0.7717
2361,,0.0,1.0,0.0,0.0
2362,,0.0,1.0,0.0,0.0
2363,,0.0,1.0,0.0,0.0
2364,,0.0,0.774,0.226,0.5423
2365,,0.417,0.583,0.0,-0.6124
2366,['the United States'],0.0,0.859,0.141,0.4215
2368,,0.174,0.581,0.244,0.2695
2369,['US'],0.0,1.0,0.0,0.0
2370,,0.13,0.87,0.0,-0.128
2371,,0.176,0.543,0.281,0.368
2373,['Russia'],0.0,0.656,0.344,0.6408
2374,,0.615,0.385,0.0,-0.7906
2379,,0.135,0.706,0.159,0.1027
2380,['US'],0.186,0.814,0.0,-0.4939
2381,,0.25,0.75,0.0,-0.4588
2382,['Russia'],0.0,0.752,0.248,0.5106
2387,,0.233,0.566,0.201,-0.128
2389,,0.113,0.887,0.0,-0.1027
2391,,0.0,1.0,0.0,0.0
2392,,0.307,0.693,0.0,-0.4767
2393,,0.0,0.672,0.328,0.4449
2395,,0.2,0.8,0.0,-0.128
2397,,0.0,1.0,0.0,0.0
2398,,0.322,0.678,0.0,-0.2263
2400,['Russia'],0.202,0.674,0.124,-0.3612
2401,,0.703,0.297,0.0,-0.7964
2402,,0.0,0.694,0.306,0.296
2406,['Ukrainian'],0.0,1.0,0.0,0.0
2407,,0.0,1.0,0.0,0.0
2413,['India'],0.0,0.865,0.135,0.1027
2415,['U.S.'],0.0,1.0,0.0,0.0
2417,['North Dakota'],0.35,0.65,0.0,-0.5106
2418,,0.0,1.0,0.0,0.0
2419,,0.247,0.6,0.153,-0.34
2424,,0.198,0.611,0.191,-0.0258
2425,['Russia'],0.358,0.642,0.0,-0.5994
2427,,0.0,1.0,0.0,0.0
2428,,0.0,0.69,0.31,0.5423
2430,,0.293,0.707,0.0,-0.5766
2434,,0.402,0.598,0.0,-0.5719
2435,,0.0,1.0,0.0,0.0
2436,,0.25,0.536,0.214,-0.1531
2437,,0.203,0.602,0.195,-0.0258
2439,,0.0,1.0,0.0,0.0
2444,['Israel'],0.0,1.0,0.0,0.0
2447,"['Israel', 'Jerusalem']",0.0,0.769,0.231,0.3412
2448,,0.0,1.0,0.0,0.0
2451,,0.0,1.0,0.0,0.0
2452,"['Tokyo', 'US']",0.429,0.571,0.0,-0.7184
2453,['Syria'],0.281,0.719,0.0,-0.5994
2455,,0.0,1.0,0.0,0.0
2456,,0.0,0.602,0.398,0.5106
2458,,0.18,0.82,0.0,-0.5106
2461,,0.146,0.854,0.0,-0.0516
2463,,0.0,1.0,0.0,0.0
2464,['Fury'],0.171,0.829,0.0,-0.5719
2469,,0.171,0.661,0.168,-0.0129
2470,['Dakota'],0.154,0.846,0.0,-0.2942
2473,,0.406,0.594,0.0,-0.6249
2474,['America'],0.18,0.721,0.099,-0.4215
2476,['Russia'],0.328,0.672,0.0,-0.5994
2477,,0.0,0.795,0.205,0.2023
2479,,0.0,1.0,0.0,0.0
2482,,0.0,1.0,0.0,0.0
2486,,0.327,0.537,0.137,-0.5994
2491,['Russia'],0.321,0.679,0.0,-0.6369
2492,,0.0,0.508,0.492,0.7778
2494,,0.251,0.664,0.085,-0.5423
2498,"['U.S.', 'Russia']",0.0,0.643,0.357,0.6124
2507,['India'],0.0,1.0,0.0,0.0
2508,,0.0,0.76,0.24,0.6249
2509,,0.0,1.0,0.0,0.0
2511,,0.413,0.587,0.0,-0.7456
2514,,0.399,0.601,0.0,-0.8633
2515,,0.0,0.796,0.204,0.3182
2519,,0.0,1.0,0.0,0.0
2522,,0.0,1.0,0.0,0.0
2524,,0.195,0.805,0.0,-0.1779
2525,,0.0,0.848,0.152,0.5562
2527,,0.219,0.584,0.197,-0.0772
2530,,0.31,0.69,0.0,-0.4019
2531,,0.0,0.902,0.098,0.3612
2534,,0.0,1.0,0.0,0.0
2537,['Virginia'],0.16,0.84,0.0,-0.2714
2538,,0.235,0.588,0.176,-0.2263
2544,"['US', 'Mosul', 'Syria']",0.0,1.0,0.0,0.0
2545,"['Mexico', 'Ohio']",0.0,0.791,0.209,0.5719
2546,,0.15,0.85,0.0,-0.3182
2549,,0.0,1.0,0.0,0.0
2550,,0.0,0.855,0.145,0.296
2554,['North Dakota'],0.105,0.895,0.0,-0.25
2555,['US'],0.358,0.642,0.0,-0.5994
2558,,0.0,1.0,0.0,0.0
2559,,0.0,0.774,0.226,0.5423
2564,,0.619,0.381,0.0,-0.7579
2568,,0.265,0.513,0.222,-0.128
2576,,0.362,0.638,0.0,-0.5267
2577,['America'],0.0,1.0,0.0,0.0
2578,,0.261,0.739,0.0,-0.5485
2580,,0.176,0.824,0.0,-0.128
2582,,0.0,1.0,0.0,0.0
2585,['US'],0.0,1.0,0.0,0.0
2586,['Liver'],0.0,1.0,0.0,0.0
2587,,0.22,0.78,0.0,-0.4767
2589,,0.0,0.816,0.184,0.2023
2591,,0.0,0.833,0.167,0.2023
2592,,0.394,0.518,0.088,-0.8271
2594,,0.623,0.377,0.0,-0.872
2595,,0.0,1.0,0.0,0.0
2597,,0.302,0.698,0.0,-0.7579
2598,,0.0,1.0,0.0,0.0
2601,,0.521,0.331,0.149,-0.6705
2602,['Syria'],0.223,0.777,0.0,-0.3182
2605,,0.257,0.743,0.0,-0.4215
2608,,0.0,1.0,0.0,0.0
2610,['Vienna'],0.293,0.707,0.0,-0.4404
2611,,0.275,0.725,0.0,-0.5859
2615,,0.0,0.71,0.29,0.5984
2616,,0.0,1.0,0.0,0.0
2621,"['Russia', 'US']",0.097,0.903,0.0,-0.1027
2622,,0.0,0.816,0.184,0.5574
2623,,0.266,0.567,0.167,-0.347
2630,,0.0,1.0,0.0,0.0
2631,['America'],0.215,0.785,0.0,-0.5893
2632,,0.0,1.0,0.0,0.0
2635,,0.554,0.446,0.0,-0.7351
2636,,0.481,0.519,0.0,-0.5719
2638,['India'],0.0,1.0,0.0,0.0
2639,['Philadelphia'],0.155,0.62,0.225,0.2263
2645,,0.0,0.892,0.108,0.3182
2646,,0.0,1.0,0.0,0.0
2647,"['Yemen', 'Ukraine']",0.0,1.0,0.0,0.0
2650,['Russia'],0.312,0.688,0.0,-0.6739
2651,,0.0,1.0,0.0,0.0
2652,,0.0,1.0,0.0,0.0
2654,,0.214,0.714,0.071,-0.5267
2655,,0.0,1.0,0.0,0.0
2661,,0.623,0.377,0.0,-0.5106
2662,,0.0,1.0,0.0,0.0
2663,,0.0,1.0,0.0,0.0
2664,,0.0,0.754,0.246,0.4466
2665,,0.103,0.897,0.0,-0.128
2670,,0.0,1.0,0.0,0.0
2674,,0.0,1.0,0.0,0.0
2678,,0.167,0.833,0.0,-0.34
2679,,0.0,1.0,0.0,0.0
2681,,0.542,0.458,0.0,-0.8074
2683,,0.0,1.0,0.0,0.0
2685,,0.0,0.588,0.412,0.5994
2686,,0.0,1.0,0.0,0.0
2688,,0.0,1.0,0.0,0.0
2690,['US'],0.0,0.777,0.223,0.3182
2691,,0.242,0.44,0.318,0.1759
2693,,0.0,0.661,0.339,0.6249
2694,,0.0,1.0,0.0,0.0
2695,,0.0,1.0,0.0,0.0
2699,['Washington'],0.102,0.898,0.0,-0.1779
2700,,0.28,0.72,0.0,-0.5423
2703,,0.0,1.0,0.0,0.0
2704,,0.167,0.545,0.288,0.4767
2705,,0.0,0.575,0.425,0.5719
2707,,0.286,0.714,0.0,-0.5267
2708,,0.101,0.736,0.163,0.1531
2710,,0.214,0.786,0.0,-0.25
2712,,0.254,0.746,0.0,-0.34
2713,,0.0,1.0,0.0,0.0
2716,,0.0,1.0,0.0,0.0
2719,,0.0,1.0,0.0,0.0
2720,,0.0,1.0,0.0,0.0
2722,,0.0,1.0,0.0,0.0
2725,,0.0,1.0,0.0,0.0
2726,,0.297,0.703,0.0,-0.6408
2729,,0.58,0.42,0.0,-0.7845
2731,,0.173,0.827,0.0,-0.3182
2732,,0.0,0.656,0.344,0.6369
2734,,0.0,1.0,0.0,0.0
2735,,0.0,1.0,0.0,0.0
2736,,0.1,0.747,0.154,0.3182
2740,,0.0,1.0,0.0,0.0
2743,,0.32,0.68,0.0,-0.5106
2745,,0.231,0.769,0.0,-0.2732
2746,,0.105,0.641,0.253,0.4588
2747,"['Vermont', 'Canada']",0.0,1.0,0.0,0.0
2748,,0.0,1.0,0.0,0.0
2749,,0.197,0.803,0.0,-0.4019
2750,['Syria'],0.0,1.0,0.0,0.0
2752,,0.0,0.848,0.152,0.3612
2753,,0.0,1.0,0.0,0.0
2761,['Japan'],0.191,0.809,0.0,-0.3802
2762,['Cuba'],0.0,1.0,0.0,0.0
2763,,0.135,0.714,0.151,0.0516
2764,,0.077,0.852,0.071,-0.0516
2768,,0.0,1.0,0.0,0.0
2769,,0.178,0.593,0.229,0.1739
2771,['US'],0.0,1.0,0.0,0.0
2777,,0.423,0.577,0.0,-0.5255
2778,,0.0,0.581,0.419,0.3818
2780,['New WikiLeaks Dump'],0.191,0.809,0.0,-0.3818
2782,,0.0,1.0,0.0,0.0
2783,,0.0,1.0,0.0,0.0
2784,,0.204,0.796,0.0,-0.3182
2789,,0.0,0.458,0.542,0.7964
2790,,0.144,0.746,0.109,-0.1779
2793,,0.0,1.0,0.0,0.0
2795,,0.0,1.0,0.0,0.0
2796,,0.192,0.808,0.0,-0.2263
2797,,0.155,0.636,0.209,0.0516
2803,,0.266,0.629,0.105,-0.3182
2805,['Benghazi'],0.338,0.662,0.0,-0.6249
2808,,0.0,1.0,0.0,0.0
2810,,0.365,0.635,0.0,-0.6808
2811,,0.0,1.0,0.0,0.0
2814,,0.0,1.0,0.0,0.0
2815,,0.0,1.0,0.0,0.0
2816,['Nevada'],0.42,0.58,0.0,-0.4404
2818,,0.206,0.794,0.0,-0.0772
2822,,0.286,0.714,0.0,-0.6124
2823,,0.0,0.612,0.388,0.5859
2827,,0.0,0.8,0.2,0.25
2828,,0.174,0.826,0.0,-0.2263
2830,"['Moscow', 'Spain']",0.145,0.855,0.0,-0.1779
2831,,0.0,1.0,0.0,0.0
2833,,0.141,0.859,0.0,-0.3182
2834,,0.217,0.507,0.275,0.2023
2837,,0.0,1.0,0.0,0.0
2838,['Chance'],0.104,0.896,0.0,-0.1877
2840,,0.0,1.0,0.0,0.0
2841,,0.0,1.0,0.0,0.0
2843,,0.0,0.61,0.39,0.4926
2845,,0.346,0.654,0.0,-0.4019
2847,,0.0,1.0,0.0,0.0
2849,,0.148,0.635,0.217,0.0772
2852,,0.0,0.727,0.273,0.7579
2853,,0.0,1.0,0.0,0.0
2856,,0.0,1.0,0.0,0.0
2858,,0.0,1.0,0.0,0.0
2859,,0.403,0.597,0.0,-0.4019
2861,,0.378,0.479,0.144,-0.6597
2863,,0.306,0.694,0.0,-0.296
2864,,0.649,0.351,0.0,-0.9175
2866,['Russia'],0.328,0.672,0.0,-0.5994
2870,"['Israel', 'Jerusalem']",0.256,0.744,0.0,-0.4767
2876,,0.27,0.73,0.0,-0.516
2880,,0.0,1.0,0.0,0.0
2883,,0.489,0.511,0.0,-0.7717
2884,,0.591,0.409,0.0,-0.8442
2887,,0.0,1.0,0.0,0.0
2889,['U.S.'],0.237,0.688,0.075,-0.6046
2894,['Colombia'],0.28,0.72,0.0,-0.5423
2899,,0.091,0.909,0.0,-0.1027
2902,"['US', 'Around Mosul']",0.424,0.576,0.0,-0.7096
2904,,0.227,0.64,0.134,-0.3818
2905,,0.427,0.573,0.0,-0.7717
2907,,0.0,1.0,0.0,0.0
2910,,0.441,0.559,0.0,-0.743
2911,,0.0,0.648,0.352,0.5859
2913,,0.0,1.0,0.0,0.0
2914,,0.316,0.684,0.0,-0.7184
2918,"['Iraq', 'US', 'Mosul']",0.0,0.789,0.211,0.4939
2920,,0.16,0.718,0.122,-0.1779
2922,,0.0,1.0,0.0,0.0
2923,,0.0,0.543,0.457,0.4939
2925,,0.0,1.0,0.0,0.0
2931,,0.128,0.766,0.107,-0.1045
2932,,0.0,0.62,0.38,0.5994
2933,,0.17,0.539,0.29,0.4404
2935,,0.0,1.0,0.0,0.0
2936,,0.042,0.586,0.372,0.9158
2941,['US'],0.535,0.465,0.0,-0.8481
2943,,0.194,0.562,0.244,0.2023
2944,,0.0,1.0,0.0,0.0
2945,,0.0,1.0,0.0,0.0
2947,['US'],0.158,0.842,0.0,-0.4939
2950,,0.0,1.0,0.0,0.0
2951,,0.375,0.625,0.0,-0.5574
2952,,0.207,0.793,0.0,-0.4824
2953,,0.0,1.0,0.0,0.0
2957,,0.103,0.753,0.144,0.1531
2959,,0.0,0.748,0.252,0.5719
2962,,0.31,0.69,0.0,-0.4019
2963,,0.0,1.0,0.0,0.0
2964,['Nevada'],0.385,0.615,0.0,-0.7845
2974,,0.192,0.5,0.308,0.34
2975,,0.0,1.0,0.0,0.0
2977,,0.0,1.0,0.0,0.0
2978,,0.0,1.0,0.0,0.0
2980,['Paris'],0.161,0.333,0.506,0.7351
2982,,0.0,1.0,0.0,0.0
2985,,0.0,0.794,0.206,0.3252
2986,,0.27,0.5,0.23,-0.1027
2988,,0.0,1.0,0.0,0.0
2989,,0.0,0.93,0.07,0.0516
2990,,0.178,0.822,0.0,-0.3818
2992,,0.211,0.651,0.138,-0.2244
2996,,0.239,0.761,0.0,-0.296
2999,,0.0,0.841,0.159,0.1779
3000,,0.0,0.707,0.293,0.4404
3001,,0.0,1.0,0.0,0.0
3002,,0.0,0.879,0.121,0.296
3003,,0.279,0.605,0.116,-0.5423
3004,,0.098,0.606,0.295,0.5574
3007,['Italy'],0.194,0.806,0.0,-0.5574
3008,,0.0,1.0,0.0,0.0
3010,,0.0,0.444,0.556,0.8176
3011,,0.23,0.4,0.37,0.34
3013,,0.726,0.274,0.0,-0.6486
3015,,0.0,1.0,0.0,0.0
3019,,0.0,1.0,0.0,0.0
3021,,0.0,0.701,0.299,0.5719
3023,,0.0,1.0,0.0,0.0
3024,,0.0,1.0,0.0,0.0
3025,,0.0,1.0,0.0,0.0
3027,,0.0,1.0,0.0,0.0
3028,['Mexico'],0.0,0.812,0.188,0.5719
3030,,0.0,1.0,0.0,0.0
3031,,0.225,0.775,0.0,-0.4939
3033,,0.0,1.0,0.0,0.0
3035,,0.364,0.636,0.0,-0.6124
3036,,0.0,1.0,0.0,0.0
3038,,0.192,0.808,0.0,-0.228
3040,,0.162,0.593,0.245,0.0289
3041,,0.0,0.815,0.185,0.5267
3042,['Populism'],0.231,0.769,0.0,-0.5994
3043,,0.0,1.0,0.0,0.0
3047,,0.327,0.673,0.0,-0.34
3051,,0.263,0.737,0.0,-0.6841
3054,,0.224,0.56,0.216,-0.0516
3056,,0.202,0.798,0.0,-0.368
3058,,0.132,0.868,0.0,-0.4939
3059,['U.S'],0.256,0.744,0.0,-0.4767
3061,['Texas'],0.35,0.65,0.0,-0.8192
3063,,0.191,0.809,0.0,-0.3818
3065,['Mosul'],0.139,0.861,0.0,-0.2732
3068,,0.0,1.0,0.0,0.0
3072,,0.0,0.734,0.266,0.4404
3074,,0.0,1.0,0.0,0.0
3076,['Kenya'],0.448,0.552,0.0,-0.8941
3079,,0.201,0.686,0.113,-0.4215
3083,,0.189,0.811,0.0,-0.5413
3085,['Mosul'],0.194,0.806,0.0,-0.34
3086,,0.344,0.255,0.401,0.2263
3087,,0.0,1.0,0.0,0.0
3088,,0.439,0.561,0.0,-0.7391
3090,,0.0,1.0,0.0,0.0
3091,,0.0,1.0,0.0,0.0
3092,,0.0,0.867,0.133,0.3182
3093,,0.0,1.0,0.0,0.0
3096,,0.349,0.651,0.0,-0.7034
3097,,0.0,1.0,0.0,0.0
3098,,0.342,0.658,0.0,-0.3818
3101,,0.0,1.0,0.0,0.0
3104,,0.0,0.608,0.392,0.7003
3105,,0.0,1.0,0.0,0.0
3106,,0.0,1.0,0.0,0.0
3108,,0.0,1.0,0.0,0.0
3109,,0.043,0.698,0.259,0.7579
3111,,0.208,0.792,0.0,-0.2732
3112,,0.213,0.787,0.0,-0.2263
3114,,0.155,0.56,0.284,0.4588
3115,,0.433,0.567,0.0,-0.8555
3116,,0.0,1.0,0.0,0.0
3117,['Germany'],0.283,0.717,0.0,-0.743
3120,,0.091,0.909,0.0,-0.1027
3121,['Honduras'],0.273,0.727,0.0,-0.4588
3126,['North Dakota'],0.0,1.0,0.0,0.0
3128,,0.0,1.0,0.0,0.0
3129,,0.0,0.909,0.091,0.4215
3130,"['Saudi Arabiaâ€™s', 'Jeddah']",0.211,0.789,0.0,-0.34
3131,,0.225,0.775,0.0,-0.4939
3132,,0.0,1.0,0.0,0.0
3133,,0.0,0.729,0.271,0.3818
3134,,0.0,1.0,0.0,0.0
3135,['Vatican'],0.176,0.676,0.149,-0.1027
3137,,0.0,1.0,0.0,0.0
3138,,0.438,0.562,0.0,-0.5994
3140,['US'],0.104,0.66,0.236,0.4215
3145,,0.278,0.722,0.0,-0.4019
3147,['Russia'],0.0,1.0,0.0,0.0
3150,['Russia'],0.0,0.826,0.174,0.2732
3152,,0.179,0.821,0.0,-0.34
3154,"['China', 'U.S.']",0.0,1.0,0.0,0.0
3156,,0.0,1.0,0.0,0.0
3159,,0.0,1.0,0.0,0.0
3162,,0.0,1.0,0.0,0.0
3163,,0.0,0.804,0.196,0.296
3164,,0.39,0.61,0.0,-0.4926
3165,,0.0,1.0,0.0,0.0
3173,,0.0,0.851,0.149,0.2732
3174,,0.255,0.745,0.0,-0.5803
3175,"['China', 'the United States']",0.111,0.655,0.235,0.4648
3176,,0.0,1.0,0.0,0.0
3179,,0.0,1.0,0.0,0.0
3180,['France'],0.0,1.0,0.0,0.0
3181,,0.0,0.87,0.13,0.2023
3183,['Israel'],0.0,0.745,0.255,0.34
3187,,0.0,1.0,0.0,0.0
3189,,0.248,0.752,0.0,-0.6808
3190,"['U.S.', 'Mexico']",0.0,1.0,0.0,0.0
3193,,0.216,0.784,0.0,-0.296
3194,['New Eastern Outlook'],0.0,1.0,0.0,0.0
3200,,0.0,1.0,0.0,0.0
3202,,0.259,0.741,0.0,-0.4215
3203,,0.0,1.0,0.0,0.0
3204,"['Russia', 'US']",0.097,0.903,0.0,-0.1027
3208,,0.0,0.753,0.247,0.3182
3216,,0.0,1.0,0.0,0.0
3217,,0.0,1.0,0.0,0.0
3218,,0.0,1.0,0.0,0.0
3219,"['US', 'North Korea']",0.155,0.845,0.0,-0.296
3222,,0.37,0.63,0.0,-0.6908
3223,"['Russia', 'U.S.', 'Banana Republic']",0.2,0.8,0.0,-0.4588
3224,,0.165,0.691,0.144,-0.1027
3225,,0.0,1.0,0.0,0.0
3227,,0.263,0.737,0.0,-0.3612
3228,['Israel'],0.0,0.769,0.231,0.3182
3230,['Israel'],0.0,1.0,0.0,0.0
3231,,0.236,0.764,0.0,-0.5719
3232,,0.0,0.845,0.155,0.296
3233,['China'],0.152,0.762,0.086,-0.34
3235,,0.0,1.0,0.0,0.0
3236,,0.0,1.0,0.0,0.0
3237,,0.0,0.5,0.5,0.25
3240,,0.372,0.628,0.0,-0.7118
3242,"['Russia', 'China']",0.0,1.0,0.0,0.0
3244,,0.351,0.486,0.162,-0.6705
3248,,0.441,0.559,0.0,-0.743
3250,,0.0,0.834,0.166,0.1511
3251,['BRICS'],0.0,0.859,0.141,0.2411
3256,,0.0,1.0,0.0,0.0
3261,,0.0,1.0,0.0,0.0
3264,,0.199,0.612,0.189,-0.0516
3266,,0.0,0.714,0.286,0.5859
3267,,0.155,0.683,0.161,0.0258
3271,,0.163,0.698,0.14,-0.0772
3272,,0.0,1.0,0.0,0.0
3275,['U.S.'],0.06,0.94,0.0,-0.0572
3276,['Israel'],0.0,1.0,0.0,0.0
3277,,0.0,1.0,0.0,0.0
3278,,0.412,0.588,0.0,-0.2732
3281,['London'],0.0,1.0,0.0,0.0
3282,,0.206,0.794,0.0,-0.5994
3283,,0.146,0.854,0.0,-0.34
3284,"['U.S.', 'Syria']",0.112,0.888,0.0,-0.0018
3287,['Vietnam'],0.0,1.0,0.0,0.0
3289,"['America', 'Philippines']",0.0,1.0,0.0,0.0
3292,,0.0,0.698,0.302,0.3818
3294,,0.302,0.698,0.0,-0.3818
3295,,0.322,0.678,0.0,-0.765
3297,,0.301,0.578,0.121,-0.5319
3298,['Palestine'],0.0,1.0,0.0,0.0
3300,,0.2,0.8,0.0,-0.128
3301,,0.0,0.806,0.194,0.34
3303,,0.0,1.0,0.0,0.0
3306,,0.0,0.769,0.231,0.2732
3307,,0.0,0.764,0.236,0.5267
3309,,0.124,0.876,0.0,-0.4767
3312,,0.0,0.482,0.518,0.5106
3313,"['Russia', 'Spain']",0.398,0.508,0.093,-0.5574
3314,,0.178,0.658,0.164,-0.0516
3316,,0.0,1.0,0.0,0.0
3317,['U.S.'],0.119,0.881,0.0,-0.2263
3319,"['US', 'Russia']",0.0,0.803,0.197,0.2411
3320,['Iraq'],0.0,1.0,0.0,0.0
3321,,0.0,0.897,0.103,0.128
3322,,0.261,0.739,0.0,-0.6044
3324,,0.0,1.0,0.0,0.0
3326,,0.0,1.0,0.0,0.0
3327,,0.0,1.0,0.0,0.0
3328,,0.0,0.678,0.322,0.4215
3329,,0.375,0.625,0.0,-0.8316
3330,,0.32,0.68,0.0,-0.6408
3333,,0.0,1.0,0.0,0.0
3335,,0.0,0.738,0.262,0.4939
3338,,0.132,0.868,0.0,-0.2808
3342,['Propaganda'],0.457,0.543,0.0,-0.7096
3343,,0.0,0.602,0.398,0.765
3345,,0.0,1.0,0.0,0.0
3348,['Put North Korea'],0.0,1.0,0.0,0.0
3351,,0.0,0.816,0.184,0.4019
3354,,0.0,1.0,0.0,0.0
3355,,0.0,1.0,0.0,0.0
3356,,0.197,0.563,0.239,-0.1027
3357,,0.0,0.858,0.142,0.2057
3359,,0.0,1.0,0.0,0.0
3361,,0.0,1.0,0.0,0.0
3362,,0.0,1.0,0.0,0.0
3364,,0.199,0.631,0.17,-0.1317
3366,,0.234,0.561,0.206,-0.0772
3367,['UK'],0.0,1.0,0.0,0.0
3371,,0.302,0.698,0.0,-0.516
3372,['Russia'],0.0,1.0,0.0,0.0
3375,,0.209,0.791,0.0,-0.5719
3376,,0.0,0.658,0.342,0.3818
3378,,0.454,0.546,0.0,-0.8074
3381,,0.231,0.769,0.0,-0.4019
3382,,0.0,1.0,0.0,0.0
3386,,0.0,0.728,0.272,0.6808
3387,"['Russia', 'US']",0.0,1.0,0.0,0.0
3388,,0.0,0.885,0.115,0.0772
3391,,0.0,0.807,0.193,0.3875
3393,['Russia'],0.0,0.485,0.515,0.8176
3395,,0.0,1.0,0.0,0.0
3399,,0.365,0.635,0.0,-0.3182
3403,,0.189,0.663,0.148,-0.2023
3406,['Romania'],0.0,1.0,0.0,0.0
3408,,0.37,0.63,0.0,-0.5719
3410,,0.0,1.0,0.0,0.0
3412,,0.323,0.677,0.0,-0.7991
3414,['US'],0.123,0.877,0.0,-0.1027
3415,,0.0,0.632,0.368,0.5423
3417,,0.318,0.682,0.0,-0.8126
3418,,0.0,1.0,0.0,0.0
3420,,0.0,0.5,0.5,0.7184
3423,,0.0,1.0,0.0,0.0
3424,,0.0,0.793,0.207,0.5255
3426,,0.0,1.0,0.0,0.0
3429,,0.104,0.896,0.0,-0.1868
3431,,0.176,0.524,0.3,0.3818
3433,,0.326,0.674,0.0,-0.4404
3436,,0.146,0.382,0.471,0.7269
3437,,0.262,0.738,0.0,-0.4404
3439,,0.0,0.716,0.284,0.4168
3442,,0.231,0.769,0.0,-0.128
3443,,0.0,1.0,0.0,0.0
3446,,0.0,0.53,0.47,0.7351
3448,,0.0,0.734,0.266,0.4404
3450,,0.464,0.536,0.0,-0.3818
3457,,0.0,1.0,0.0,0.0
3458,,0.0,0.839,0.161,0.3612
3465,,0.0,1.0,0.0,0.0
3467,,0.328,0.517,0.155,-0.4588
3468,,0.0,0.82,0.18,0.2942
3470,,0.189,0.811,0.0,-0.2732
3471,,0.0,1.0,0.0,0.0
3475,,0.217,0.783,0.0,-0.5574
3476,,0.0,0.676,0.324,0.5859
3480,,0.259,0.741,0.0,-0.4215
3481,,0.0,0.828,0.172,0.4404
3483,,0.198,0.802,0.0,-0.5707
3484,,0.0,1.0,0.0,0.0
3487,,0.326,0.674,0.0,-0.743
3488,,0.0,1.0,0.0,0.0
3491,,0.248,0.603,0.149,-0.4215
3492,,0.0,0.695,0.305,0.3875
3494,,0.302,0.698,0.0,-0.5994
3495,,0.0,1.0,0.0,0.0
3500,,0.266,0.503,0.231,-0.1744
3504,['Hillary'],0.0,1.0,0.0,0.0
3509,,0.394,0.606,0.0,-0.5994
3511,,0.0,1.0,0.0,0.0
3512,,0.0,0.816,0.184,0.2023
3514,,0.0,0.787,0.213,0.4019
3515,['US'],0.412,0.588,0.0,-0.7906
3516,['Syria'],0.288,0.541,0.171,-0.3182
3518,,0.0,0.867,0.133,0.3818
3525,,0.431,0.569,0.0,-0.8442
3528,,0.181,0.708,0.111,-0.3818
3530,,0.0,1.0,0.0,0.0
3532,['US'],0.0,1.0,0.0,0.0
3534,,0.233,0.517,0.25,0.0516
3536,"['Russia', 'Syria']",0.0,0.789,0.211,0.34
3537,,0.13,0.87,0.0,-0.0516
3538,,0.0,1.0,0.0,0.0
3541,"['US', 'US', 'New Eastern Outlook']",0.0,1.0,0.0,0.0
3544,,0.091,0.909,0.0,-0.0516
3546,['Florida'],0.0,1.0,0.0,0.0
3549,,0.0,1.0,0.0,0.0
3550,,0.412,0.588,0.0,-0.5423
3555,,0.444,0.556,0.0,-0.75
3559,,0.0,1.0,0.0,0.0
3561,,0.549,0.451,0.0,-0.8074
3562,,0.0,0.725,0.275,0.5859
3566,,0.171,0.829,0.0,-0.5423
3571,,0.0,0.756,0.244,0.4404
3573,['Brazil'],0.0,1.0,0.0,0.0
3575,,0.0,0.68,0.32,0.5106
3576,['The United States'],0.153,0.675,0.172,0.0772
3578,,0.0,0.892,0.108,0.1779
3582,,0.0,1.0,0.0,0.0
3586,['U.S.'],0.298,0.702,0.0,-0.802
3587,['America'],0.425,0.575,0.0,-0.5709
3591,"['Russia', 'U.S.']",0.231,0.769,0.0,-0.4019
3594,"['Washington', 'Venezuela']",0.0,1.0,0.0,0.0
3597,,0.0,1.0,0.0,0.0
3598,"['America', 'Grand Piano']",0.0,0.625,0.375,0.4588
3599,,0.0,0.709,0.291,0.7111
3605,,0.0,1.0,0.0,0.0
3608,['Britain'],0.0,0.957,0.043,0.0762
3614,,0.0,0.86,0.14,0.0772
3618,,0.0,1.0,0.0,0.0
3620,,0.306,0.694,0.0,-0.6597
3622,['America'],0.274,0.726,0.0,-0.7506
3624,,0.396,0.5,0.104,-0.7906
3625,,0.0,1.0,0.0,0.0
3627,,0.0,0.678,0.322,0.2263
3633,,0.0,1.0,0.0,0.0
3636,,0.423,0.577,0.0,-0.296
3641,['U.S.'],0.0,0.763,0.237,0.4767
3642,,0.0,1.0,0.0,0.0
3643,,0.146,0.854,0.0,-0.34
3644,['New York'],0.0,1.0,0.0,0.0
3645,,0.136,0.809,0.055,-0.4404
3646,,0.0,0.827,0.173,0.3182
3648,,0.63,0.37,0.0,-0.7783
3649,,0.285,0.438,0.277,-0.2732
3653,,0.0,0.865,0.135,0.4215
3655,,0.0,1.0,0.0,0.0
3656,,0.0,1.0,0.0,0.0
3657,,0.22,0.6,0.18,-0.1531
3658,,0.375,0.625,0.0,-0.7184
3660,,0.0,1.0,0.0,0.0
3663,,0.0,1.0,0.0,0.0
3669,,0.22,0.6,0.18,-0.2023
3674,,0.0,0.714,0.286,0.34
3677,,0.0,1.0,0.0,0.0
3678,,0.195,0.543,0.262,0.3016
3679,,0.146,0.854,0.0,-0.34
3682,,0.348,0.652,0.0,-0.4939
3683,,0.0,1.0,0.0,0.0
3684,,0.268,0.732,0.0,-0.296
3685,,0.0,1.0,0.0,0.0
3686,,0.0,0.909,0.091,0.1027
3690,,0.323,0.472,0.205,-0.3612
3691,,0.383,0.617,0.0,-0.7351
3693,"['US', 'Iraq']",0.396,0.604,0.0,-0.802
3694,,0.0,0.614,0.386,0.7424
3696,,0.0,1.0,0.0,0.0
3701,,0.0,1.0,0.0,0.0
3703,,0.0,0.759,0.241,0.3695
3704,,0.085,0.915,0.0,-0.0516
3705,['Texas'],0.137,0.863,0.0,-0.5859
3707,,0.128,0.872,0.0,-0.2263
3708,,0.0,1.0,0.0,0.0
3709,,0.0,1.0,0.0,0.0
3710,,0.0,1.0,0.0,0.0
3711,,0.299,0.701,0.0,-0.6765
3712,,0.176,0.571,0.252,0.3818
3713,,0.379,0.621,0.0,-0.8602
3718,['US'],0.0,1.0,0.0,0.0
3719,['Orlando'],0.0,1.0,0.0,0.0
3720,,0.0,1.0,0.0,0.0
3721,,0.0,1.0,0.0,0.0
3722,,0.0,1.0,0.0,0.0
3723,,0.0,0.625,0.375,0.4939
3726,,0.216,0.784,0.0,-0.296
3731,,0.0,0.544,0.456,0.8198
3735,,0.0,0.819,0.181,0.5473
3736,,0.0,0.77,0.23,0.2716
3737,,0.167,0.833,0.0,-0.4588
3738,,0.0,1.0,0.0,0.0
3742,,0.0,0.672,0.328,0.5267
3744,,0.148,0.852,0.0,-0.3933
3749,['The United States'],0.0,0.763,0.237,0.4215
3751,,0.193,0.807,0.0,-0.4767
3752,,0.0,0.807,0.193,0.3875
3755,,0.0,1.0,0.0,0.0
3761,,0.209,0.791,0.0,-0.4404
3763,['Lifetime'],0.167,0.833,0.0,-0.1531
3764,,0.0,0.538,0.462,0.7184
3766,,0.2,0.8,0.0,-0.3612
3767,,0.0,1.0,0.0,0.0
3768,,0.346,0.654,0.0,-0.6399
3770,,0.0,0.741,0.259,0.4215
3774,['Brexit'],0.0,0.625,0.375,0.6808
3777,,0.0,1.0,0.0,0.0
3778,,0.199,0.664,0.137,-0.34
3779,,0.0,1.0,0.0,0.0
3780,,0.0,0.827,0.173,0.3182
3782,,0.328,0.672,0.0,-0.4404
3784,,0.414,0.185,0.401,0.2023
3786,,0.0,1.0,0.0,0.0
3788,,0.0,1.0,0.0,0.0
3791,,0.306,0.694,0.0,-0.6486
3792,,0.467,0.533,0.0,-0.8885
3793,,0.522,0.478,0.0,-0.836
3795,,0.0,1.0,0.0,0.0
3796,['Washington'],0.0,1.0,0.0,0.0
3797,,0.146,0.625,0.229,0.2023
3803,,0.376,0.462,0.162,-0.5719
3807,,0.0,1.0,0.0,0.0
3808,,0.0,1.0,0.0,0.0
3809,,0.493,0.355,0.152,-0.7695
3810,,0.512,0.488,0.0,-0.743
3812,,0.0,1.0,0.0,0.0
3813,['Saudi Arabia'],0.0,0.748,0.252,0.4019
3814,,0.0,1.0,0.0,0.0
3816,"['Canada', 'EU']",0.0,1.0,0.0,0.0
3818,,0.267,0.607,0.127,-0.5473
3821,,0.216,0.784,0.0,-0.296
3822,,0.0,0.688,0.312,0.7003
3823,"['UK', 'Zimbabwe']",0.0,1.0,0.0,0.0
3826,,0.0,0.779,0.221,0.5037
3827,"['Russia', 'Leave']",0.261,0.609,0.13,-0.128
3828,,0.277,0.723,0.0,-0.3182
3833,,0.0,0.71,0.29,0.5423
3835,['Ukraine'],0.0,1.0,0.0,0.0
3836,,0.0,1.0,0.0,0.0
3837,,0.0,1.0,0.0,0.0
3840,,0.0,1.0,0.0,0.0
3841,,0.451,0.549,0.0,-0.4767
3842,,0.242,0.758,0.0,-0.6249
3843,,0.18,0.82,0.0,-0.296
3852,,0.0,1.0,0.0,0.0
3853,,0.0,0.631,0.369,0.6249
3854,,0.0,0.721,0.279,0.4767
3855,,0.557,0.443,0.0,-0.8192
3858,,0.0,1.0,0.0,0.0
3862,,0.322,0.678,0.0,-0.765
3864,,0.0,1.0,0.0,0.0
3865,,0.0,1.0,0.0,0.0
3867,,0.231,0.769,0.0,-0.5574
3872,['UK'],0.344,0.656,0.0,-0.8091
3874,,0.0,0.357,0.643,0.802
3876,,0.0,0.735,0.265,0.2023
3877,,0.239,0.761,0.0,-0.296
3882,,0.158,0.842,0.0,-0.128
3883,,0.203,0.29,0.507,0.4939
3888,,0.0,1.0,0.0,0.0
3892,,0.0,0.875,0.125,0.25
3896,,0.0,1.0,0.0,0.0
3897,,0.264,0.165,0.57,0.5719
3900,"['America', 'Russia']",0.0,1.0,0.0,0.0
3902,,0.231,0.769,0.0,-0.128
3904,,0.0,1.0,0.0,0.0
3905,,0.342,0.658,0.0,-0.3818
3906,,0.0,1.0,0.0,0.0
3908,"['Ohio', 'Florida']",0.34,0.66,0.0,-0.6908
3910,,0.327,0.673,0.0,-0.7777
3911,,0.35,0.65,0.0,-0.6505
3912,,0.125,0.875,0.0,-0.25
3913,,0.497,0.503,0.0,-0.7845
3914,,0.0,1.0,0.0,0.0
3916,,0.0,1.0,0.0,0.0
3917,['Russia'],0.347,0.653,0.0,-0.749
3919,['North Dakota'],0.35,0.65,0.0,-0.5106
3921,['Russia'],0.0,1.0,0.0,0.0
3922,,0.255,0.745,0.0,-0.4767
3923,,0.289,0.413,0.297,0.024
3926,['Massachusetts'],0.384,0.616,0.0,-0.8842
3928,,0.0,1.0,0.0,0.0
3932,,0.202,0.442,0.356,0.347
3934,,0.224,0.56,0.216,-0.0516
3936,"['Russia', 'Syria']",0.0,1.0,0.0,0.0
3937,,0.263,0.602,0.135,-0.4019
3939,,0.318,0.682,0.0,-0.4215
3940,,0.0,1.0,0.0,0.0
3942,,0.188,0.642,0.17,-0.1027
3943,,0.0,0.833,0.167,0.2023
3944,,0.0,1.0,0.0,0.0
3946,,0.0,0.909,0.091,0.2023
3948,,0.0,1.0,0.0,0.0
3951,,0.0,1.0,0.0,0.0
3952,,0.0,1.0,0.0,0.0
3953,,0.124,0.69,0.186,0.2263
3955,,0.277,0.355,0.369,0.0772
3959,,0.462,0.538,0.0,-0.6486
3961,,0.0,1.0,0.0,0.0
3963,,0.167,0.833,0.0,-0.3412
3964,['Germany'],0.0,0.667,0.333,0.4588
3968,,0.209,0.663,0.128,-0.3818
3970,,0.3,0.5,0.2,-0.2023
3971,,0.0,1.0,0.0,0.0
3972,"['Russia', 'India']",0.0,1.0,0.0,0.0
3973,,0.0,0.649,0.351,0.6597
3974,['Israel'],0.0,0.756,0.244,0.4404
3976,,0.128,0.724,0.148,0.1531
3977,,0.192,0.712,0.096,-0.4019
3978,,0.104,0.896,0.0,-0.1027
3979,,0.0,1.0,0.0,0.0
3983,,0.0,1.0,0.0,0.0
3985,,0.326,0.674,0.0,-0.4404
3986,['U.S.'],0.0,1.0,0.0,0.0
3988,,0.279,0.508,0.213,-0.0772
3989,,0.0,1.0,0.0,0.0
3994,,0.0,1.0,0.0,0.0
3998,['Palestine'],0.0,1.0,0.0,0.0
3999,,0.0,1.0,0.0,0.0
4000,,0.0,1.0,0.0,0.0
4005,,0.304,0.696,0.0,-0.5423
4007,,0.0,0.89,0.11,0.3007
4008,,0.206,0.794,0.0,-0.3818
4011,,0.0,1.0,0.0,0.0
4015,,0.0,1.0,0.0,0.0
4016,,0.217,0.635,0.148,-0.3164
4017,,0.231,0.769,0.0,-0.4019
4018,,0.148,0.57,0.281,0.5423
4019,,0.15,0.85,0.0,-0.3182
4020,,0.247,0.753,0.0,-0.5574
4023,,0.0,0.73,0.27,0.5859
4024,,0.307,0.693,0.0,-0.4767
4025,,0.149,0.851,0.0,-0.1027
4027,['Brazil'],0.232,0.581,0.187,-0.1759
4031,['North Carolina'],0.138,0.747,0.115,-0.1027
4033,,0.456,0.544,0.0,-0.636
4035,,0.431,0.569,0.0,-0.8442
4040,,0.255,0.745,0.0,-0.34
4041,,0.388,0.612,0.0,-0.4215
4042,['D.C.'],0.47,0.53,0.0,-0.7351
4043,,0.493,0.507,0.0,-0.7783
4044,,0.0,0.778,0.222,0.3744
4045,,0.0,0.7,0.3,0.4588
4047,['US'],0.0,1.0,0.0,0.0
4048,,0.0,1.0,0.0,0.0
4049,,0.132,0.76,0.108,-0.1531
4050,,0.0,0.682,0.318,0.6369
4055,,0.206,0.562,0.231,0.1027
4056,,0.551,0.449,0.0,-0.87
4059,['Dakota'],0.0,1.0,0.0,0.0
4060,['America'],0.18,0.721,0.099,-0.4215
4062,,0.137,0.863,0.0,-0.4019
4063,,0.171,0.685,0.144,-0.1027
4064,"['Russia', 'Moscow']",0.0,0.812,0.188,0.5719
4065,,0.0,0.769,0.231,0.34
4066,,0.231,0.769,0.0,-0.5106
4067,,0.296,0.704,0.0,-0.2732
4068,['America'],0.0,1.0,0.0,0.0
4069,,0.0,1.0,0.0,0.0
4074,,0.0,0.602,0.398,0.5106
4078,,0.213,0.787,0.0,-0.4215
4080,['Russia'],0.0,1.0,0.0,0.0
4082,,0.0,1.0,0.0,0.0
4084,,0.186,0.657,0.157,-0.1354
4085,,0.137,0.863,0.0,-0.2263
4086,,0.0,1.0,0.0,0.0
4088,['Standing Rock'],0.0,0.793,0.207,0.5267
4090,,0.0,1.0,0.0,0.0
4093,,0.245,0.755,0.0,-0.3818
4095,,0.0,1.0,0.0,0.0
4101,,0.0,0.843,0.157,0.0772
4103,,0.0,1.0,0.0,0.0
4106,,0.271,0.729,0.0,-0.3818
4107,,0.0,1.0,0.0,0.0
4108,,0.216,0.784,0.0,-0.5106
4109,,0.355,0.645,0.0,-0.296
4110,,0.184,0.816,0.0,-0.2577
4111,['Mosul'],0.0,1.0,0.0,0.0
4113,['Us'],0.0,1.0,0.0,0.0
4114,['Russia'],0.0,0.902,0.098,0.0772
4115,,0.0,1.0,0.0,0.0
4116,,0.0,1.0,0.0,0.0
4117,,0.262,0.738,0.0,-0.5994
4119,,0.0,0.756,0.244,0.4404
4121,,0.0,1.0,0.0,0.0
4122,,0.0,1.0,0.0,0.0
4124,,0.0,1.0,0.0,0.0
4125,['Oregon'],0.0,0.846,0.154,0.25
4126,,0.0,1.0,0.0,0.0
4128,,0.284,0.569,0.147,-0.4404
4129,,0.275,0.725,0.0,-0.4881
4133,,0.0,1.0,0.0,0.0
4137,['Mosul'],0.29,0.71,0.0,-0.6705
4138,,0.0,0.615,0.385,0.3612
4143,,0.221,0.779,0.0,-0.5267
4147,,0.0,0.859,0.141,0.2023
4148,,0.095,0.905,0.0,-0.25
4149,['Yemen'],0.55,0.45,0.0,-0.7269
4151,,0.213,0.787,0.0,-0.2263
4152,,0.167,0.833,0.0,-0.4588
4156,,0.319,0.556,0.125,-0.6369
4158,['Vermont'],0.252,0.748,0.0,-0.4019
4160,,0.0,0.833,0.167,0.34
4162,,0.0,0.862,0.138,0.34
4163,,0.0,0.855,0.145,0.2584
4166,,0.205,0.795,0.0,-0.5574
4168,['Yemen'],0.36,0.64,0.0,-0.6705
4171,,0.0,0.687,0.313,0.6249
4173,['Spain'],0.326,0.674,0.0,-0.743
4176,,0.388,0.612,0.0,-0.6908
4178,,0.0,1.0,0.0,0.0
4179,,0.0,0.714,0.286,0.34
4180,,0.233,0.631,0.136,-0.4588
4183,['Washington'],0.0,1.0,0.0,0.0
4184,,0.0,0.815,0.185,0.1511
4186,['Eritrea'],0.109,0.891,0.0,-0.0258
4187,,0.39,0.61,0.0,-0.4939
4190,,0.503,0.497,0.0,-0.7964
4191,,0.208,0.56,0.232,0.0772
4194,['Reno'],0.245,0.755,0.0,-0.3818
4195,,0.225,0.775,0.0,-0.4939
4198,,0.478,0.522,0.0,-0.6705
4199,,0.415,0.585,0.0,-0.4278
4200,,0.239,0.761,0.0,-0.296
4204,,0.0,0.593,0.407,0.9776
4209,,0.0,1.0,0.0,0.0
4211,,0.0,0.794,0.206,0.3252
4214,,0.481,0.519,0.0,-0.7579
4215,['China'],0.318,0.682,0.0,-0.4215
4216,['New York'],0.0,0.828,0.172,0.4019
4218,['US'],0.625,0.375,0.0,-0.875
4219,,0.304,0.696,0.0,-0.3612
4220,,0.252,0.748,0.0,-0.4019
4223,,0.0,1.0,0.0,0.0
4225,,0.0,1.0,0.0,0.0
4228,,0.0,1.0,0.0,0.0
4232,['Mosul'],0.122,0.732,0.146,0.1007
4237,,0.0,0.843,0.157,0.3034
4239,,0.0,1.0,0.0,0.0
4240,['US'],0.0,1.0,0.0,0.0
4242,,0.0,1.0,0.0,0.0
4243,,0.0,0.349,0.651,0.9316
4244,,0.0,0.707,0.293,0.4404
4246,,0.0,1.0,0.0,0.0
4247,,0.087,0.913,0.0,-0.2732
4250,['U.S.'],0.254,0.666,0.081,-0.6046
4251,,0.0,0.556,0.444,0.4939
4254,,0.176,0.824,0.0,-0.128
4258,,0.0,1.0,0.0,0.0
4259,,0.0,0.577,0.423,0.296
4265,,0.0,1.0,0.0,0.0
4266,,0.201,0.671,0.128,-0.296
4268,,0.241,0.759,0.0,-0.2263
4271,,0.0,0.612,0.388,0.4215
4274,,0.0,1.0,0.0,0.0
4275,['America'],0.17,0.83,0.0,-0.6486
4276,,0.365,0.635,0.0,-0.7845
4281,,0.344,0.656,0.0,-0.6369
4283,,0.147,0.66,0.193,0.2263
4286,,0.191,0.809,0.0,-0.3818
4292,,0.0,1.0,0.0,0.0
4295,,0.241,0.759,0.0,-0.6289
4298,,0.0,1.0,0.0,0.0
4300,,0.0,1.0,0.0,0.0
4303,,0.0,1.0,0.0,0.0
4304,,0.0,1.0,0.0,0.0
4306,,0.0,0.659,0.341,0.6908
4308,,0.199,0.705,0.096,-0.3818
4309,,0.0,1.0,0.0,0.0
4310,,0.0,1.0,0.0,0.0
4316,['US'],0.362,0.638,0.0,-0.5267
4318,,0.0,0.712,0.288,0.7717
4320,,0.0,0.809,0.191,0.5106
4321,,0.388,0.612,0.0,-0.7456
4323,,0.0,1.0,0.0,0.0
4324,,0.396,0.604,0.0,-0.6037
4325,['Philadelphia'],0.56,0.44,0.0,-0.8807
4328,,0.333,0.667,0.0,-0.8176
4332,['Italy'],0.38,0.62,0.0,-0.5994
4333,,0.0,1.0,0.0,0.0
4334,['Moscow'],0.188,0.812,0.0,-0.4588
4335,,0.306,0.51,0.184,-0.296
4341,['Syria - Waiting For The Next Moves       '],0.0,1.0,0.0,0.0
4344,['Broward County'],0.192,0.808,0.0,-0.5859
4349,"['U.S.', 'America']",0.0,1.0,0.0,0.0
4353,"['Larium', 'Mozambiqueâ€”1993â€“1994']",0.0,0.738,0.262,0.4939
4358,,0.297,0.508,0.195,-0.296
4359,['Russia'],0.235,0.765,0.0,-0.4588
4361,,0.0,0.663,0.337,0.7269
4362,,0.326,0.674,0.0,-0.4404
4366,,0.0,1.0,0.0,0.0
4370,,0.615,0.385,0.0,-0.4939
4372,"['Pakistan', 'Islamabad']",0.204,0.584,0.212,0.0258
4375,,0.074,0.74,0.186,0.6249
4378,,0.0,1.0,0.0,0.0
4379,['Orlando'],0.0,1.0,0.0,0.0
4381,['China'],0.0,1.0,0.0,0.0
4385,,0.649,0.209,0.141,-0.8658
4386,,0.0,1.0,0.0,0.0
4387,,0.0,1.0,0.0,0.0
4389,,0.0,1.0,0.0,0.0
4390,,0.0,1.0,0.0,0.0
4391,,0.13,0.87,0.0,-0.128
4392,,0.0,1.0,0.0,0.0
4394,,0.302,0.698,0.0,-0.5984
4396,['America'],0.531,0.469,0.0,-0.7783
4397,,0.0,1.0,0.0,0.0
4398,,0.0,1.0,0.0,0.0
4400,,0.0,1.0,0.0,0.0
4401,,0.0,0.756,0.244,0.4404
4406,,0.192,0.808,0.0,-0.228
4408,['Tel Aviv'],0.0,1.0,0.0,0.0
4409,"['Washington', 'Syria']",0.0,1.0,0.0,0.0
4410,,0.211,0.789,0.0,-0.4939
4412,,0.149,0.69,0.161,0.0498
4418,,0.247,0.753,0.0,-0.3182
4419,,0.29,0.483,0.228,-0.2263
4420,,0.0,1.0,0.0,0.0
4422,,0.52,0.48,0.0,-0.8221
4424,"['Russia', 'Turkey']",0.0,0.459,0.541,0.7096
4426,,0.0,0.73,0.27,0.5719
4430,,0.322,0.345,0.333,0.0258
4432,['Russia'],0.211,0.789,0.0,-0.1531
4433,['Topshop'],0.102,0.762,0.136,-0.0772
4434,,0.225,0.775,0.0,-0.4939
4439,,0.203,0.797,0.0,-0.68
4440,,0.0,1.0,0.0,0.0
4441,['US'],0.208,0.792,0.0,-0.2732
4442,,0.35,0.65,0.0,-0.6486
4443,,0.167,0.833,0.0,-0.296
4445,,0.31,0.499,0.191,-0.347
4448,,0.0,1.0,0.0,0.0
4449,,0.0,1.0,0.0,0.0
4450,['US'],0.258,0.742,0.0,-0.7096
4451,['Arkansas'],0.0,1.0,0.0,0.0
4452,,0.109,0.708,0.183,0.3786
4454,,0.143,0.714,0.143,0.0
4457,,0.457,0.543,0.0,-0.7096
4462,,0.0,1.0,0.0,0.0
4463,['Propaganda'],0.457,0.543,0.0,-0.7096
4465,,0.501,0.499,0.0,-0.7203
4466,,0.245,0.755,0.0,-0.5994
4470,,0.285,0.602,0.114,-0.6448
4471,['US'],0.189,0.811,0.0,-0.1027
4473,,0.0,1.0,0.0,0.0
4474,,0.0,0.833,0.167,0.3818
4478,,0.0,1.0,0.0,0.0
4479,['Briefing'],0.0,1.0,0.0,0.0
4483,,0.0,1.0,0.0,0.0
4484,['Moscow'],0.0,1.0,0.0,0.0
4485,,0.0,1.0,0.0,0.0
4487,,0.229,0.382,0.389,0.2732
4490,['U.S.'],0.263,0.737,0.0,-0.3612
4492,,0.0,1.0,0.0,0.0
4493,['America'],0.325,0.675,0.0,-0.7391
4494,,0.168,0.752,0.08,-0.4588
4495,['Russia'],0.0,1.0,0.0,0.0
4496,,0.455,0.545,0.0,-0.3612
4497,,0.261,0.739,0.0,-0.6486
4499,,0.292,0.708,0.0,-0.8176
4500,,0.0,0.667,0.333,0.6705
4501,,0.394,0.606,0.0,-0.5994
4502,,0.0,0.682,0.318,0.6369
4503,,0.0,1.0,0.0,0.0
4504,['South Dakota'],0.205,0.709,0.087,-0.3612
4505,,0.097,0.903,0.0,-0.128
4506,,0.0,1.0,0.0,0.0
4507,,0.0,1.0,0.0,0.0
4508,['Bikini'],0.0,1.0,0.0,0.0
4509,,0.405,0.595,0.0,-0.5267
4510,,0.091,0.909,0.0,-0.1531
4511,['Chicago'],0.236,0.764,0.0,-0.4168
4516,,0.247,0.753,0.0,-0.3182
4522,['Russia'],0.38,0.62,0.0,-0.5994
4528,,0.512,0.488,0.0,-0.8126
4529,['Mosul'],0.0,1.0,0.0,0.0
4530,,0.147,0.853,0.0,-0.2263
4532,,0.0,1.0,0.0,0.0
4533,,0.231,0.769,0.0,-0.4019
4534,,0.0,1.0,0.0,0.0
4537,,0.286,0.714,0.0,-0.4215
4539,,0.0,1.0,0.0,0.0
4540,,0.0,0.637,0.363,0.8602
4542,['US'],0.481,0.519,0.0,-0.7579
4544,['France'],0.0,0.763,0.237,0.4215
4545,,0.0,1.0,0.0,0.0
4546,,0.0,1.0,0.0,0.0
4548,,0.167,0.833,0.0,-0.4939
4549,,0.0,1.0,0.0,0.0
4550,"['Mexico', 'Ohio']",0.0,0.821,0.179,0.5719
4551,,0.52,0.48,0.0,-0.8221
4553,,0.311,0.244,0.445,0.4939
4554,,0.0,1.0,0.0,0.0
4556,,0.588,0.412,0.0,-0.6908
4557,['America'],0.0,0.818,0.182,0.25
4559,,0.111,0.829,0.06,-0.2732
4561,,0.268,0.732,0.0,-0.5106
4562,['Italy'],0.35,0.65,0.0,-0.6486
4563,,0.245,0.755,0.0,-0.5994
4566,,0.362,0.375,0.263,-0.2023
4568,,0.143,0.857,0.0,-0.128
4569,['UK'],0.176,0.676,0.149,-0.1531
4571,['Oregon'],0.136,0.864,0.0,-0.0258
4576,['Britain'],0.0,0.894,0.106,0.0772
4582,['Rasmea Odehâ€™s'],0.494,0.506,0.0,-0.8316
4583,,0.0,0.857,0.143,0.25
4588,,0.0,0.956,0.044,0.0772
4590,['Russia'],0.0,1.0,0.0,0.0
4592,,0.0,1.0,0.0,0.0
4593,['Syria'],0.0,1.0,0.0,0.0
4595,,0.0,0.686,0.314,0.4939
4596,,0.161,0.745,0.093,-0.2732
4597,,0.412,0.588,0.0,-0.5423
4598,,0.0,1.0,0.0,0.0
4599,,0.0,1.0,0.0,0.0
4600,,0.36,0.432,0.209,-0.2732
4606,,0.315,0.685,0.0,-0.68
4609,"['US', 'China']",0.122,0.878,0.0,-0.3612
4610,['US'],0.0,1.0,0.0,0.0
4611,,0.0,1.0,0.0,0.0
4612,,0.0,1.0,0.0,0.0
4615,,0.333,0.667,0.0,-0.6705
4617,,0.221,0.611,0.168,-0.1779
4618,,0.0,1.0,0.0,0.0
4620,,0.0,1.0,0.0,0.0
4622,,0.0,0.73,0.27,0.5719
4623,,0.255,0.745,0.0,-0.34
4624,,0.133,0.867,0.0,-0.3182
4626,,0.0,1.0,0.0,0.0
4630,,0.395,0.263,0.342,-0.1027
4632,,0.0,1.0,0.0,0.0
4635,,0.0,0.652,0.348,0.4939
4636,,0.363,0.637,0.0,-0.6908
4638,,0.0,1.0,0.0,0.0
4641,,0.161,0.839,0.0,-0.2315
4642,,0.239,0.761,0.0,-0.296
4654,['U.S.'],0.0,1.0,0.0,0.0
4656,,0.0,0.594,0.406,0.6249
4657,,0.0,1.0,0.0,0.0
4658,"['Mosul', 'Iraqi City']",0.0,1.0,0.0,0.0
4660,,0.33,0.572,0.098,-0.7695
4661,,0.537,0.463,0.0,-0.6841
4664,"['Israel', 'Israel']",0.0,1.0,0.0,0.0
4668,,0.0,1.0,0.0,0.0
4669,"['Jerusalem', 'Photos']",0.221,0.687,0.093,-0.3843
4670,,0.0,1.0,0.0,0.0
4671,,0.0,1.0,0.0,0.0
4672,,0.0,0.738,0.262,0.4939
4673,,0.0,1.0,0.0,0.0
4674,,0.0,1.0,0.0,0.0
4676,,0.128,0.872,0.0,-0.296
4677,,0.119,0.881,0.0,-0.2263
4679,,0.398,0.602,0.0,-0.6486
4681,,0.2,0.8,0.0,-0.128
4686,['Russia'],0.0,1.0,0.0,0.0
4687,,0.0,1.0,0.0,0.0
4688,,0.192,0.808,0.0,-0.2263
4693,,0.0,1.0,0.0,0.0
4694,,0.161,0.71,0.129,-0.128
4696,,0.275,0.725,0.0,-0.5859
4697,,0.0,1.0,0.0,0.0
4701,,0.402,0.598,0.0,-0.7506
4703,,0.0,1.0,0.0,0.0
4705,,0.125,0.875,0.0,-0.25
4709,,0.432,0.568,0.0,-0.8225
4710,,0.093,0.844,0.063,-0.1779
4711,,0.25,0.294,0.456,0.34
4713,['Ohio'],0.0,0.797,0.203,0.3167
4714,,0.661,0.339,0.0,-0.5994
4718,,0.101,0.899,0.0,-0.2263
4720,,0.32,0.68,0.0,-0.3182
4722,,0.0,1.0,0.0,0.0
4723,['Portugal'],0.0,1.0,0.0,0.0
4726,,0.198,0.419,0.383,0.4767
4729,,0.301,0.699,0.0,-0.6486
4731,,0.493,0.507,0.0,-0.7783
4732,['Finland'],0.0,1.0,0.0,0.0
4734,['The United States Permanently'],0.08,0.733,0.187,0.3818
4735,,0.29,0.71,0.0,-0.4404
4736,,0.0,1.0,0.0,0.0
4737,,0.0,1.0,0.0,0.0
4738,,0.0,0.684,0.316,0.5719
4739,,0.0,0.697,0.303,0.7269
4741,,0.0,1.0,0.0,0.0
4745,,0.0,1.0,0.0,0.0
4746,['America'],0.0,1.0,0.0,0.0
4749,,0.0,1.0,0.0,0.0
4752,,0.0,0.884,0.116,0.2732
4755,['Iraq'],0.0,1.0,0.0,0.0
4757,,0.268,0.732,0.0,-0.5106
4758,,0.245,0.755,0.0,-0.3818
4768,,0.0,1.0,0.0,0.0
4770,,0.126,0.874,0.0,-0.3818
4771,,0.252,0.748,0.0,-0.4019
4774,,0.307,0.693,0.0,-0.4767
4776,,0.0,1.0,0.0,0.0
4778,,0.0,0.829,0.171,0.5719
4780,,0.0,0.847,0.153,0.4019
4782,,0.0,1.0,0.0,0.0
4784,,0.423,0.412,0.165,-0.6124
4787,,0.0,1.0,0.0,0.0
4788,['Syria'],0.0,1.0,0.0,0.0
4789,,0.444,0.556,0.0,-0.5859
4790,['Norway'],0.0,1.0,0.0,0.0
4794,,0.0,1.0,0.0,0.0
4796,,0.0,1.0,0.0,0.0
4799,,0.0,0.666,0.334,0.7213
4801,,0.74,0.26,0.0,-0.9081
4802,,0.195,0.624,0.181,-0.0601
4807,,0.195,0.805,0.0,-0.4404
4808,,0.262,0.738,0.0,-0.8316
4812,"['US', 'Japan', 'North Korea']",0.236,0.764,0.0,-0.5267
4814,,0.0,0.726,0.274,0.7111
4817,,0.0,1.0,0.0,0.0
4819,,0.319,0.681,0.0,-0.7269
4826,,0.098,0.902,0.0,-0.0772
4827,,0.0,1.0,0.0,0.0
4828,,0.0,1.0,0.0,0.0
4830,,0.0,0.77,0.23,0.4576
4831,,0.138,0.862,0.0,-0.1531
4834,,0.0,1.0,0.0,0.0
4835,,0.281,0.719,0.0,-0.5106
4837,,0.0,1.0,0.0,0.0
4840,,0.0,0.776,0.224,0.3818
4841,,0.0,1.0,0.0,0.0
4843,,0.0,0.658,0.342,0.5622
4844,,0.184,0.684,0.132,-0.25
4846,['Washington'],0.186,0.814,0.0,-0.3164
4847,"['US', 'Saudi Arabia', 'Yemen']",0.0,1.0,0.0,0.0
4848,,0.198,0.802,0.0,-0.5719
4849,,0.335,0.665,0.0,-0.6739
4850,['Michigan'],0.0,0.732,0.268,0.3744
4853,['Florida'],0.0,0.612,0.388,0.5859
4854,,0.0,1.0,0.0,0.0
4856,,0.0,1.0,0.0,0.0
4857,,0.0,1.0,0.0,0.0
4858,,0.0,0.847,0.153,0.4019
4864,,0.314,0.686,0.0,-0.4939
4865,,0.202,0.605,0.193,-0.0323
4866,['Pakistan'],0.615,0.385,0.0,-0.9371
4868,,0.399,0.135,0.466,0.25
4869,,0.0,0.828,0.172,0.3612
4873,,0.0,0.833,0.167,0.5574
4874,['US'],0.452,0.548,0.0,-0.5106
4875,,0.0,1.0,0.0,0.0
4879,,0.0,0.811,0.189,0.5423
4882,,0.0,1.0,0.0,0.0
4884,,0.211,0.789,0.0,-0.296
4885,,0.307,0.693,0.0,-0.4767
4886,,0.0,1.0,0.0,0.0
4887,,0.328,0.672,0.0,-0.5994
4889,,0.0,1.0,0.0,0.0
4890,,0.0,1.0,0.0,0.0
4891,['Syria'],0.262,0.537,0.201,-0.2263
4892,['California'],0.0,1.0,0.0,0.0
4894,,0.177,0.823,0.0,-0.6249
4895,,0.21,0.58,0.21,0.0
4896,,0.0,1.0,0.0,0.0
4898,,0.247,0.753,0.0,-0.3182
4900,,0.0,1.0,0.0,0.0
4901,,0.353,0.647,0.0,-0.7184
4902,,0.0,1.0,0.0,0.0
4903,,0.0,0.77,0.23,0.4003
4904,,0.204,0.796,0.0,-0.3182
4906,,0.0,1.0,0.0,0.0
4908,['US'],0.355,0.645,0.0,-0.6597
4909,,0.0,1.0,0.0,0.0
4911,,0.187,0.813,0.0,-0.3182
4912,,0.185,0.815,0.0,-0.3612
4915,,0.0,0.752,0.248,0.5106
4917,,0.0,0.593,0.407,0.6705
4918,,0.0,1.0,0.0,0.0
4923,,0.0,1.0,0.0,0.0
4924,['America'],0.11,0.89,0.0,-0.4767
4926,,0.231,0.769,0.0,-0.34
4927,,0.0,0.815,0.185,0.5267
4930,['Saudi Arabia'],0.181,0.819,0.0,-0.4767
4937,['America'],0.234,0.479,0.287,-0.0018
4938,"['Japan', 'Japan']",0.378,0.622,0.0,-0.8074
4939,,0.0,1.0,0.0,0.0
4943,,0.444,0.556,0.0,-0.4939
4945,,0.0,1.0,0.0,0.0
4948,,0.347,0.653,0.0,-0.5848
4950,,0.574,0.426,0.0,-0.6597
4954,,0.302,0.698,0.0,-0.3818
4957,,0.0,1.0,0.0,0.0
4958,,0.205,0.795,0.0,-0.3818
4959,,0.107,0.893,0.0,-0.2023
4961,,0.0,1.0,0.0,0.0
4962,['Bengaluru'],0.12,0.88,0.0,-0.128
4964,"['Russia', 'Texas']",0.245,0.755,0.0,-0.6369
4966,,0.0,1.0,0.0,0.0
4968,,0.0,1.0,0.0,0.0
4969,,0.247,0.753,0.0,-0.5574
4974,,0.187,0.813,0.0,-0.6734
4975,,0.0,0.623,0.377,0.8777
4976,,0.225,0.775,0.0,-0.4927
4978,['Aleppo'],0.522,0.294,0.184,-0.5574
4979,,0.0,1.0,0.0,0.0
4980,,0.194,0.806,0.0,-0.34
4981,,0.088,0.818,0.094,0.0258
4982,,0.0,1.0,0.0,0.0
4983,,0.0,1.0,0.0,0.0
4984,,0.0,1.0,0.0,0.0
4985,,0.0,1.0,0.0,0.0
4988,,0.0,1.0,0.0,0.0
4989,,0.252,0.748,0.0,-0.6597
4994,['Russia'],0.328,0.672,0.0,-0.5994
4997,,0.0,0.838,0.162,0.4019
4998,,0.0,1.0,0.0,0.0
4999,,0.154,0.846,0.0,-0.4767
5001,,0.0,1.0,0.0,0.0
5005,,0.0,0.787,0.213,0.4019
5006,,0.0,1.0,0.0,0.0
5009,['North Dakota'],0.118,0.882,0.0,-0.25
5012,,0.207,0.56,0.232,0.1154
5013,,0.438,0.562,0.0,-0.5994
5018,['Paris'],0.419,0.581,0.0,-0.5574
5019,,0.0,1.0,0.0,0.0
5020,,0.0,0.606,0.394,0.3818
5021,,0.815,0.185,0.0,-0.6597
5024,,0.0,0.568,0.432,0.765
5026,,0.286,0.637,0.076,-0.7125
5028,,0.494,0.506,0.0,-0.5994
5029,,0.21,0.58,0.21,0.0
5035,,0.0,0.508,0.492,0.7003
5036,,0.0,1.0,0.0,0.0
5038,['Aliens'],0.0,1.0,0.0,0.0
5039,,0.071,0.539,0.39,0.8271
5043,['Russia'],0.281,0.719,0.0,-0.5994
5045,,0.0,1.0,0.0,0.0
5046,,0.185,0.815,0.0,-0.5267
5047,,0.0,1.0,0.0,0.0
5048,,0.091,0.909,0.0,-0.1027
5049,,0.34,0.66,0.0,-0.5574
5050,['US'],0.0,0.73,0.27,0.5719
5051,,0.108,0.615,0.277,0.4939
5052,,0.0,1.0,0.0,0.0
5053,,0.0,0.898,0.102,0.0951
5054,,0.344,0.656,0.0,-0.2732
5057,,0.73,0.27,0.0,-0.4019
5058,,0.0,0.878,0.122,0.2023
5059,,0.0,0.833,0.167,0.34
5063,,0.236,0.764,0.0,-0.5267
5064,,0.205,0.795,0.0,-0.4767
5065,"['Washington', 'The Vineyard of the']",0.0,1.0,0.0,0.0
5067,,0.0,1.0,0.0,0.0
5068,,0.0,1.0,0.0,0.0
5069,['Russia'],0.0,0.733,0.267,0.3724
5073,,0.623,0.377,0.0,-0.765
5076,,0.0,0.793,0.207,0.5267
5077,,0.0,0.584,0.416,0.7506
5080,,0.0,1.0,0.0,0.0
5081,"['Voting', 'Boding Ill']",0.219,0.781,0.0,-0.4215
5082,,0.204,0.617,0.179,-0.34
5084,,0.623,0.377,0.0,-0.6808
5087,,0.097,0.903,0.0,-0.128
5088,"['Iran', 'Iraq', 'Syria', 'Lebanon']",0.0,1.0,0.0,0.0
5089,,0.0,1.0,0.0,0.0
5090,['Propaganda'],0.396,0.604,0.0,-0.7096
5092,,0.181,0.819,0.0,-0.4767
5094,,0.281,0.719,0.0,-0.5994
5095,,0.229,0.443,0.328,0.2782
5096,,0.0,1.0,0.0,0.0
5101,,0.0,1.0,0.0,0.0
5105,['America'],0.304,0.696,0.0,-0.5423
5108,['Philadelphia'],0.305,0.593,0.102,-0.5267
5113,,0.0,0.729,0.271,0.4939
5114,,0.203,0.797,0.0,-0.4703
5117,,0.0,0.723,0.277,0.3182
5118,,0.0,1.0,0.0,0.0
5120,,0.0,1.0,0.0,0.0
5121,,0.0,1.0,0.0,0.0
5123,,0.0,0.709,0.291,0.5719
5124,,0.0,1.0,0.0,0.0
5125,,0.0,1.0,0.0,0.0
5126,,0.206,0.794,0.0,-0.6908
5131,,0.167,0.667,0.167,0.0
5135,,0.0,1.0,0.0,0.0
5136,,0.395,0.605,0.0,-0.7804
5138,,0.37,0.63,0.0,-0.6908
5139,,0.0,1.0,0.0,0.0
5141,,0.0,1.0,0.0,0.0
5142,['Syria'],0.333,0.667,0.0,-0.7906
5146,,0.231,0.769,0.0,-0.4588
5147,,0.341,0.659,0.0,-0.6289
5148,,0.0,1.0,0.0,0.0
5154,"['Russia', 'Spain']",0.213,0.787,0.0,-0.2263
5158,['Pennsylvania'],0.0,1.0,0.0,0.0
5159,['America'],0.177,0.823,0.0,-0.4199
5163,"['Russia', 'Cuba']",0.0,1.0,0.0,0.0
5165,"['Rwanda', 'Philippines', 'UK']",0.0,0.805,0.195,0.4404
5174,,0.373,0.627,0.0,-0.7603
5175,['Turkey'],0.0,0.864,0.136,0.5106
5179,,0.0,1.0,0.0,0.0
5185,,0.0,0.793,0.207,0.2714
5190,,0.0,0.735,0.265,0.7579
5192,,0.0,0.741,0.259,0.4215
5194,['Venezuela'],0.0,1.0,0.0,0.0
5196,,0.244,0.622,0.134,-0.3182
5198,,0.0,1.0,0.0,0.0
5199,,0.247,0.753,0.0,-0.508
5203,,0.31,0.69,0.0,-0.4019
5204,,0.0,1.0,0.0,0.0
5206,,0.254,0.746,0.0,-0.5781
5208,['US'],0.0,1.0,0.0,0.0
5211,['Moscow'],0.0,0.552,0.448,0.7574
5212,,0.228,0.772,0.0,-0.6808
5214,,0.571,0.429,0.0,-0.8519
5216,,0.0,0.674,0.326,0.4404
5217,['England'],0.231,0.769,0.0,-0.2732
5218,,0.135,0.696,0.17,0.2051
5220,,0.173,0.827,0.0,-0.3182
5221,,0.0,1.0,0.0,0.0
5222,,0.0,1.0,0.0,0.0
5223,,0.0,0.787,0.213,0.2263
5225,,0.139,0.861,0.0,-0.2732
5226,,0.0,0.625,0.375,0.34
5227,,0.583,0.417,0.0,-0.8126
5228,,0.34,0.66,0.0,-0.5574
5229,,0.0,1.0,0.0,0.0
5230,,0.0,0.682,0.318,0.6369
5234,,0.124,0.511,0.365,0.7698
5236,,0.0,1.0,0.0,0.0
5237,,0.19,0.292,0.518,0.6705
5240,,0.292,0.708,0.0,-0.5106
5241,['Russia'],0.0,0.903,0.097,0.4019
5242,,0.216,0.784,0.0,-0.5106
5243,,0.0,0.667,0.333,0.25
5245,,0.0,1.0,0.0,0.0
5250,,0.159,0.841,0.0,-0.1779
5253,,0.242,0.758,0.0,-0.3736
5254,,0.342,0.535,0.123,-0.6249
5255,,0.166,0.488,0.346,0.5719
5261,,0.0,1.0,0.0,0.0
5262,,0.0,1.0,0.0,0.0
5263,,0.0,1.0,0.0,0.0
5264,,0.0,1.0,0.0,0.0
5266,['Oregon'],0.0,0.742,0.258,0.596
5268,,0.0,1.0,0.0,0.0
5271,,0.0,1.0,0.0,0.0
5273,,0.261,0.739,0.0,-0.7184
5274,,0.0,1.0,0.0,0.0
5278,"['Syria', 'Maps']",0.394,0.606,0.0,-0.5994
5281,['Iran'],0.0,1.0,0.0,0.0
5283,,0.0,0.581,0.419,0.3818
5284,,0.0,1.0,0.0,0.0
5286,,0.362,0.638,0.0,-0.5267
5288,,0.0,0.792,0.208,0.2732
5295,,0.0,0.698,0.302,0.3818
5302,,0.524,0.476,0.0,-0.5267
5304,,0.0,0.741,0.259,0.4215
5305,['Florida'],0.0,0.726,0.274,0.5267
5307,,0.262,0.556,0.183,-0.25
5308,,0.0,0.945,0.055,0.0258
5314,,0.0,1.0,0.0,0.0
5315,,0.222,0.778,0.0,-0.25
5316,,0.316,0.684,0.0,-0.5719
5318,['Yemen'],0.429,0.455,0.116,-0.7351
5319,,0.355,0.645,0.0,-0.0258
5321,,0.0,1.0,0.0,0.0
5326,,0.0,0.838,0.162,0.4019
5327,['US'],0.0,1.0,0.0,0.0
5330,,0.368,0.632,0.0,-0.5423
5331,['Russia'],0.0,1.0,0.0,0.0
5334,,0.512,0.488,0.0,-0.2732
5336,,0.0,1.0,0.0,0.0
5340,,0.0,1.0,0.0,0.0
5342,,0.0,1.0,0.0,0.0
5344,,0.179,0.821,0.0,-0.34
5345,,0.0,1.0,0.0,0.0
5347,['Iran'],0.0,0.819,0.181,0.4753
5349,,0.307,0.693,0.0,-0.4767
5350,,0.0,1.0,0.0,0.0
5353,['Venezuela'],0.0,1.0,0.0,0.0
5356,['Italy'],0.188,0.602,0.211,0.0772
5362,,0.0,1.0,0.0,0.0
5365,['Sweden'],0.177,0.823,0.0,-0.6249
5366,,0.143,0.857,0.0,-0.25
5369,,0.0,1.0,0.0,0.0
5370,,0.459,0.541,0.0,-0.7783
5371,['Germany'],0.0,0.734,0.266,0.7003
5373,,0.0,1.0,0.0,0.0
5374,"['Russia', 'China']",0.0,0.595,0.405,0.8807
5375,,0.196,0.804,0.0,-0.296
5377,,0.0,1.0,0.0,0.0
5380,,0.114,0.762,0.124,0.0258
5381,,0.0,1.0,0.0,0.0
5386,,0.227,0.773,0.0,-0.4466
5387,,0.424,0.576,0.0,-0.7096
5388,['the United States'],0.0,0.714,0.286,0.4215
5393,,0.0,0.597,0.403,0.4019
5394,,0.312,0.459,0.229,-0.2263
5395,"['US', 'Syria']",0.333,0.667,0.0,-0.7906
5396,,0.279,0.721,0.0,-0.4767
5398,,0.179,0.821,0.0,-0.2411
5400,,0.0,1.0,0.0,0.0
5401,,0.0,1.0,0.0,0.0
5405,['America'],0.0,0.58,0.42,0.4404
5407,,0.385,0.615,0.0,-0.7845
5410,,0.32,0.574,0.107,-0.7351
5411,,0.112,0.695,0.193,0.2732
5412,,0.0,0.745,0.255,0.4084
5413,,0.0,1.0,0.0,0.0
5416,,0.0,0.852,0.148,0.1877
5418,,0.0,1.0,0.0,0.0
5423,,0.274,0.726,0.0,-0.5267
5424,,0.0,1.0,0.0,0.0
5425,,0.0,0.864,0.136,0.296
5426,['Washington'],0.2,0.8,0.0,-0.3612
5430,,0.322,0.678,0.0,-0.765
5432,['Millet'],0.0,1.0,0.0,0.0
5434,['Ireland'],0.429,0.571,0.0,-0.8176
5435,,0.425,0.575,0.0,-0.5719
5438,,0.0,1.0,0.0,0.0
5439,,0.0,1.0,0.0,0.0
5440,,0.0,1.0,0.0,0.0
5441,,0.092,0.743,0.164,0.3916
5442,,0.0,1.0,0.0,0.0
5444,,0.204,0.796,0.0,-0.3182
5447,,0.0,1.0,0.0,0.0
5449,,0.0,0.79,0.21,0.4926
5450,['Pa.'],0.31,0.69,0.0,-0.5574
5451,,0.0,1.0,0.0,0.0
5453,['Florida'],0.176,0.534,0.29,0.128
5455,,0.0,1.0,0.0,0.0
5456,,0.0,1.0,0.0,0.0
5457,,0.194,0.806,0.0,-0.5574
5458,,0.0,1.0,0.0,0.0
5459,,0.0,1.0,0.0,0.0
5461,,0.0,0.835,0.165,0.3321
5462,,0.262,0.738,0.0,-0.4939
5466,"['Washington', 'US']",0.189,0.666,0.145,-0.1511
5468,['U.S.'],0.0,0.714,0.286,0.5859
5469,,0.0,1.0,0.0,0.0
5473,,0.193,0.515,0.292,0.5106
5474,,0.259,0.741,0.0,-0.6808
5478,,0.134,0.682,0.184,0.1872
5479,,0.225,0.775,0.0,-0.4939
5481,['Dublin City'],0.426,0.441,0.132,-0.7184
5482,,0.314,0.636,0.05,-0.7783
5484,,0.236,0.764,0.0,-0.5719
5486,,0.0,0.756,0.244,0.4404
5487,"['US', 'Yemen']",0.0,1.0,0.0,0.0
5489,,0.214,0.786,0.0,-0.4574
5490,,0.0,1.0,0.0,0.0
5494,['Saudi Arabia'],0.0,0.833,0.167,0.25
5497,,0.299,0.701,0.0,-0.5719
5500,,0.0,1.0,0.0,0.0
5501,"['Iran', 'Iraq', 'Syria', 'Lebanon']",0.0,1.0,0.0,0.0
5508,,0.248,0.752,0.0,-0.5106
5509,,0.0,1.0,0.0,0.0
5511,,0.0,1.0,0.0,0.0
5514,,0.3,0.7,0.0,-0.4588
5515,,0.2,0.8,0.0,-0.128
5517,,0.201,0.686,0.113,-0.4215
5519,['MOBILE'],0.0,1.0,0.0,0.0
5522,['Photo'],0.0,1.0,0.0,0.0
5523,,0.286,0.714,0.0,-0.5574
5524,,0.0,1.0,0.0,0.0
5525,,0.247,0.753,0.0,-0.3182
5527,,0.0,0.598,0.402,0.8126
5529,,0.155,0.412,0.433,0.5719
5530,,0.167,0.833,0.0,-0.34
5531,,0.0,1.0,0.0,0.0
5535,,0.314,0.686,0.0,-0.4939
5536,,0.226,0.522,0.252,0.0772
5538,['Arizona'],0.167,0.833,0.0,-0.296
5541,,0.196,0.804,0.0,-0.296
5543,['UK'],0.0,1.0,0.0,0.0
5544,['Russia'],0.204,0.796,0.0,-0.5574
5546,['Colombia'],0.0,0.533,0.467,0.5423
5547,['Japan'],0.391,0.364,0.245,-0.3818
5549,,0.0,1.0,0.0,0.0
5551,['Russia'],0.187,0.813,0.0,-0.3182
5554,,0.148,0.704,0.148,0.0
5555,,0.153,0.847,0.0,-0.2023
5556,,0.231,0.513,0.256,0.1007
5559,,0.322,0.678,0.0,-0.5859
5560,,0.424,0.576,0.0,-0.8442
5567,,0.0,0.656,0.344,0.6433
5568,,0.25,0.612,0.138,-0.296
5570,,0.0,0.743,0.257,0.6369
5573,,0.473,0.527,0.0,-0.7424
5574,,0.224,0.776,0.0,-0.3818
5577,,0.143,0.714,0.143,0.0
5578,['Russia'],0.0,0.781,0.219,0.4215
5579,,0.0,1.0,0.0,0.0
5580,,0.0,1.0,0.0,0.0
5582,['Korea'],0.0,1.0,0.0,0.0
5584,,0.0,0.635,0.365,0.3182
5585,,0.16,0.84,0.0,-0.2716
5587,,0.0,1.0,0.0,0.0
5588,,0.171,0.829,0.0,-0.5106
5590,,0.0,1.0,0.0,0.0
5591,,0.255,0.745,0.0,-0.7579
5593,,0.0,1.0,0.0,0.0
5595,['Israel'],0.0,1.0,0.0,0.0
5599,,0.0,1.0,0.0,0.0
5600,,0.333,0.667,0.0,-0.5423
5602,,0.0,1.0,0.0,0.0
5605,['Yemen'],0.652,0.348,0.0,-0.9432
5607,,0.0,1.0,0.0,0.0
5609,['Hollywood'],0.0,1.0,0.0,0.0
5611,,0.228,0.772,0.0,-0.5904
5613,,0.0,1.0,0.0,0.0
5615,,0.0,0.879,0.121,0.296
5616,,0.0,0.595,0.405,0.5267
5617,['Illinois'],0.477,0.523,0.0,-0.743
5621,['Russia'],0.0,1.0,0.0,0.0
5623,,0.299,0.701,0.0,-0.6908
5624,,0.0,0.845,0.155,0.296
5627,['Vladivostok'],0.0,1.0,0.0,0.0
5629,,0.0,1.0,0.0,0.0
5631,,0.376,0.624,0.0,-0.6633
5632,,0.295,0.504,0.202,-0.3164
5633,['America'],0.0,0.764,0.236,0.5267
5634,,0.209,0.791,0.0,-0.4404
5637,,0.359,0.641,0.0,-0.4215
5640,['V.S.'],0.436,0.564,0.0,-0.6841
5644,,0.294,0.706,0.0,-0.3612
5645,,0.0,0.743,0.257,0.5859
5646,,0.0,1.0,0.0,0.0
5648,,0.482,0.518,0.0,-0.8143
5651,,0.0,0.761,0.239,0.296
5653,['U.S.'],0.2,0.8,0.0,-0.4588
5654,['US'],0.42,0.58,0.0,-0.4404
5657,,0.0,0.833,0.167,0.2023
5658,,0.0,1.0,0.0,0.0
5659,,0.0,0.714,0.286,0.34
5661,['US'],0.0,1.0,0.0,0.0
5662,,0.197,0.803,0.0,-0.4019
5663,,0.471,0.529,0.0,-0.8402
5664,,0.0,1.0,0.0,0.0
5665,,0.119,0.881,0.0,-0.4767
5669,,0.0,1.0,0.0,0.0
5670,,0.225,0.775,0.0,-0.4404
5672,,0.219,0.781,0.0,-0.4215
5673,,0.0,1.0,0.0,0.0
5674,,0.0,0.792,0.208,0.2732
5675,,0.288,0.712,0.0,-0.4995
5679,,0.0,1.0,0.0,0.0
5682,,0.252,0.748,0.0,-0.4019
5684,['Nebraska'],0.0,1.0,0.0,0.0
5685,,0.173,0.827,0.0,-0.3182
5687,,0.219,0.625,0.156,-0.25
5689,,0.551,0.449,0.0,-0.8625
5690,,0.237,0.763,0.0,-0.6166
5691,,0.22,0.78,0.0,-0.4767
5692,,0.0,1.0,0.0,0.0
5697,,0.211,0.547,0.242,0.1027
5700,,0.0,1.0,0.0,0.0
5701,,0.109,0.891,0.0,-0.0572
5702,,0.341,0.659,0.0,-0.6908
5703,,0.093,0.667,0.241,0.6124
5704,['America'],0.0,0.596,0.404,0.7269
5711,,0.142,0.735,0.123,-0.1027
5712,,0.0,1.0,0.0,0.0
5713,,0.163,0.721,0.115,-0.25
5714,,0.386,0.614,0.0,-0.8834
5716,,0.179,0.596,0.225,0.1779
5717,,0.0,1.0,0.0,0.0
5718,,0.0,0.782,0.218,0.4201
5720,['Progressive'],0.537,0.267,0.196,-0.5904
5725,,0.0,1.0,0.0,0.0
5727,,0.559,0.441,0.0,-0.9287
5728,,0.187,0.685,0.128,-0.3182
5732,,0.197,0.803,0.0,-0.4019
5735,,0.0,0.652,0.348,0.4939
5737,,0.217,0.783,0.0,-0.5574
5738,,0.3,0.7,0.0,-0.4588
5739,,0.0,0.66,0.34,0.5574
5740,,0.0,1.0,0.0,0.0
5741,,0.295,0.705,0.0,-0.5574
5744,,0.218,0.782,0.0,-0.5994
5747,,0.0,0.667,0.333,0.5423
5748,['America'],0.0,0.547,0.453,0.7003
5755,"['US', 'Tunisia', 'Libya']",0.0,1.0,0.0,0.0
5757,,0.0,1.0,0.0,0.0
5760,,0.3,0.7,0.0,-0.7184
5762,,0.323,0.677,0.0,-0.6486
5763,,0.143,0.857,0.0,-0.25
5764,,0.0,1.0,0.0,0.0
5765,,0.0,1.0,0.0,0.0
5767,,0.073,0.591,0.336,0.7783
5768,,0.0,1.0,0.0,0.0
5769,,0.369,0.631,0.0,-0.6249
5770,['Arkansas'],0.0,0.671,0.329,0.5307
5773,,0.0,1.0,0.0,0.0
5774,,0.0,1.0,0.0,0.0
5775,,0.15,0.85,0.0,-0.3182
5776,,0.413,0.435,0.152,-0.5574
5780,,0.281,0.719,0.0,-0.6486
5781,['Pakistan'],0.347,0.653,0.0,-0.7845
5785,,0.29,0.561,0.15,-0.3612
5788,,0.0,1.0,0.0,0.0
5789,,0.0,0.753,0.247,0.3182
5791,,0.0,0.748,0.252,0.4019
5796,,0.0,0.92,0.08,0.0772
5797,,0.231,0.769,0.0,-0.4588
5799,,0.0,1.0,0.0,0.0
5800,,0.256,0.744,0.0,-0.4767
5801,"['Podesta', 'Abedin', 'Lynch', 'Mook']",0.269,0.731,0.0,-0.7672
5802,,0.237,0.763,0.0,-0.4215
5804,,0.0,1.0,0.0,0.0
5805,['US'],0.286,0.714,0.0,-0.4939
5806,,0.0,1.0,0.0,0.0
5808,,0.0,1.0,0.0,0.0
5810,,0.343,0.442,0.215,-0.4648
5811,,0.199,0.68,0.121,-0.3818
5813,,0.0,1.0,0.0,0.0
5817,,0.437,0.563,0.0,-0.7351
5819,,0.272,0.728,0.0,-0.6249
5820,,0.251,0.651,0.098,-0.5092
5822,,0.0,1.0,0.0,0.0
5827,"['UK', 'Russia']",0.0,1.0,0.0,0.0
5828,,0.0,0.877,0.123,0.2732
5830,,0.483,0.517,0.0,-0.4215
5831,['IOWA'],0.0,1.0,0.0,0.0
5834,,0.165,0.671,0.165,0.0
5835,,0.0,1.0,0.0,0.0
5838,,0.284,0.56,0.157,-0.5267
5839,,0.171,0.829,0.0,-0.5719
5841,,0.0,0.741,0.259,0.4215
5842,['Fla.'],0.0,1.0,0.0,0.0
5844,['Russia'],0.0,0.815,0.185,0.3612
5845,,0.596,0.404,0.0,-0.7096
5847,['Oregon'],0.0,1.0,0.0,0.0
5849,['Damascus'],0.167,0.833,0.0,-0.2023
5852,,0.0,1.0,0.0,0.0
5854,,0.0,0.922,0.078,0.0258
5855,,0.0,0.809,0.191,0.2235
5857,,0.0,0.777,0.223,0.3182
5858,,0.0,1.0,0.0,0.0
5866,,0.0,0.758,0.242,0.4939
5867,,0.151,0.548,0.301,0.4926
5869,,0.194,0.806,0.0,-0.34
5871,['Russia'],0.0,0.656,0.344,0.4939
5872,,0.325,0.55,0.125,-0.6133
5875,,0.0,0.968,0.032,0.0258
5878,,0.13,0.87,0.0,-0.2732
5879,,0.0,1.0,0.0,0.0
5881,"['Yemen', 'US']",0.0,0.796,0.204,0.5574
5882,,0.0,1.0,0.0,0.0
5885,,0.0,1.0,0.0,0.0
5886,,0.378,0.622,0.0,-0.5647
5887,,0.427,0.573,0.0,-0.8011
5888,,0.0,1.0,0.0,0.0
5890,,0.0,0.891,0.109,0.3252
5891,,0.215,0.615,0.169,-0.1531
5894,,0.0,1.0,0.0,0.0
5895,,0.0,1.0,0.0,0.0
5897,,0.0,0.878,0.122,0.2023
5899,,0.103,0.616,0.281,0.5574
5901,,0.0,1.0,0.0,0.0
5902,['The United States'],0.0,0.741,0.259,0.4215
5910,,0.0,1.0,0.0,0.0
5911,['U.S.'],0.138,0.862,0.0,-0.6486
5912,,0.0,1.0,0.0,0.0
5913,['Russia'],0.551,0.449,0.0,-0.5994
5914,,0.0,1.0,0.0,0.0
5915,['Core Wounds'],0.0,1.0,0.0,0.0
5917,['US'],0.0,1.0,0.0,0.0
5921,,0.301,0.699,0.0,-0.5106
5922,['US'],0.333,0.667,0.0,-0.5423
5923,"['US', 'Syria']",0.3,0.7,0.0,-0.4588
5924,,0.169,0.831,0.0,-0.5362
5925,"['US', 'US']",0.223,0.629,0.149,-0.3182
5927,,0.0,0.609,0.391,0.6696
5929,,0.0,0.87,0.13,0.0516
5931,['Pakistan'],0.0,1.0,0.0,0.0
5932,,0.22,0.78,0.0,-0.4767
5936,,0.0,0.82,0.18,0.296
5937,"['China', 'Russia', 'U.S.']",0.162,0.838,0.0,-0.4019
5939,,0.0,1.0,0.0,0.0
5944,,0.124,0.876,0.0,-0.4019
5945,,0.375,0.625,0.0,-0.7184
5946,['Syria'],0.0,0.816,0.184,0.4019
5948,,0.306,0.694,0.0,-0.6597
5949,,0.0,0.735,0.265,0.5574
5950,,0.268,0.732,0.0,-0.296
5951,,0.237,0.421,0.342,0.4588
5954,,0.101,0.679,0.22,0.4765
5955,,0.225,0.775,0.0,-0.4939
5956,,0.181,0.452,0.367,0.5106
5957,,0.14,0.86,0.0,-0.3818
5962,,0.37,0.63,0.0,-0.6908
5965,,0.274,0.726,0.0,-0.5994
5966,,0.0,1.0,0.0,0.0
5968,,0.136,0.864,0.0,-0.296
5969,,0.362,0.638,0.0,-0.6249
5971,"['Russia', 'Texas', 'France']",0.101,0.698,0.202,0.3182
5972,"['Russia', 'Syria']",0.0,1.0,0.0,0.0
5973,,0.0,1.0,0.0,0.0
5974,['Russia'],0.0,1.0,0.0,0.0
5976,,0.344,0.538,0.118,-0.4767
5978,,0.0,1.0,0.0,0.0
5982,,0.0,0.514,0.486,0.4278
5983,,0.0,1.0,0.0,0.0
5984,,0.0,1.0,0.0,0.0
5986,,0.431,0.569,0.0,-0.6486
5989,,0.095,0.833,0.071,-0.1531
5992,,0.123,0.877,0.0,-0.2732
5993,,0.247,0.602,0.151,-0.3818
5994,,0.206,0.794,0.0,-0.3818
5995,,0.291,0.709,0.0,-0.6249
5998,,0.3,0.7,0.0,-0.4588
5999,,0.0,1.0,0.0,0.0
6001,,0.545,0.455,0.0,-0.7003
6003,"['Malaysia', 'US']",0.278,0.722,0.0,-0.4019
6004,,0.0,1.0,0.0,0.0
6005,,0.0,1.0,0.0,0.0
6006,,0.0,1.0,0.0,0.0
6008,,0.0,1.0,0.0,0.0
6011,,0.453,0.374,0.173,-0.7184
6013,,0.0,1.0,0.0,0.0
6017,,0.0,1.0,0.0,0.0
6018,,0.0,0.579,0.421,0.7906
6019,,0.0,0.851,0.149,0.4215
6020,,0.0,1.0,0.0,0.0
6022,,0.0,1.0,0.0,0.0
6024,,0.0,1.0,0.0,0.0
6034,,0.0,1.0,0.0,0.0
6035,,0.0,1.0,0.0,0.0
6036,,0.2,0.8,0.0,-0.3612
6037,,0.0,1.0,0.0,0.0
6038,,0.0,1.0,0.0,0.0
6040,,0.0,0.405,0.595,0.8519
6045,,0.0,0.678,0.322,0.5859
6046,,0.0,1.0,0.0,0.0
6047,['Russia'],0.0,1.0,0.0,0.0
6048,,0.0,1.0,0.0,0.0
6050,,0.196,0.804,0.0,-0.296
6052,,0.175,0.825,0.0,-0.1779
6053,,0.0,1.0,0.0,0.0
6055,,0.0,0.619,0.381,0.5719
6056,['Russia'],0.0,1.0,0.0,0.0
6059,,0.0,1.0,0.0,0.0
6060,,0.0,0.783,0.217,0.3612
6065,,0.104,0.896,0.0,-0.2732
6068,,0.0,1.0,0.0,0.0
6069,,0.164,0.667,0.17,0.0258
6070,,0.0,1.0,0.0,0.0
6071,,0.0,0.821,0.179,0.34
6073,,0.0,0.632,0.368,0.3612
6078,,0.13,0.87,0.0,-0.2023
6079,,0.0,0.68,0.32,0.5106
6082,,0.0,1.0,0.0,0.0
6083,['Russia'],0.0,1.0,0.0,0.0
6084,,0.124,0.876,0.0,-0.4019
6085,['Oklahoma'],0.267,0.583,0.15,-0.34
6086,,0.0,1.0,0.0,0.0
6087,['Benghazi'],0.353,0.647,0.0,-0.7964
6090,['South Africa'],0.0,1.0,0.0,0.0
6091,,0.137,0.714,0.149,0.0516
6095,,0.0,1.0,0.0,0.0
6097,['US'],0.0,1.0,0.0,0.0
6098,,0.0,1.0,0.0,0.0
6106,,0.0,1.0,0.0,0.0
6110,,0.0,0.875,0.125,0.25
6111,,0.0,1.0,0.0,0.0
6114,,0.0,0.746,0.254,0.5267
6115,,0.0,1.0,0.0,0.0
6116,['Arkansas'],0.0,1.0,0.0,0.0
6117,"['Douma', 'Syria']",0.207,0.793,0.0,-0.6908
6119,['Saudi Arabia'],0.0,0.82,0.18,0.296
6122,,0.0,1.0,0.0,0.0
6123,,0.306,0.694,0.0,-0.296
6125,,0.39,0.61,0.0,-0.4939
6127,,0.542,0.458,0.0,-0.8519
6129,,0.0,1.0,0.0,0.0
6131,,0.0,1.0,0.0,0.0
6133,,0.294,0.706,0.0,-0.7525
6134,,0.0,0.821,0.179,0.34
6135,['MASSACHUSETTS'],0.379,0.621,0.0,-0.7717
6137,,0.0,1.0,0.0,0.0
6139,"['Crimean', 'US']",0.0,1.0,0.0,0.0
6141,,0.0,0.811,0.189,0.4215
6142,,0.302,0.698,0.0,-0.3802
6143,,0.0,0.725,0.275,0.2263
6144,,0.0,1.0,0.0,0.0
6146,,0.324,0.676,0.0,-0.34
6147,,0.0,0.649,0.351,0.4019
6148,,0.254,0.746,0.0,-0.5267
6149,,0.0,1.0,0.0,0.0
6151,['Russia'],0.0,1.0,0.0,0.0
6152,,0.0,0.375,0.625,0.6124
6153,,0.337,0.663,0.0,-0.6808
6157,,0.0,1.0,0.0,0.0
6158,,0.495,0.505,0.0,-0.5994
6159,,0.0,1.0,0.0,0.0
6160,,0.234,0.625,0.141,-0.296
6163,,0.0,1.0,0.0,0.0
6164,,0.0,0.818,0.182,0.4404
6165,,0.0,1.0,0.0,0.0
6167,['China'],0.0,1.0,0.0,0.0
6171,,0.0,1.0,0.0,0.0
6172,,0.0,1.0,0.0,0.0
6173,,0.241,0.759,0.0,-0.2263
6174,,0.0,1.0,0.0,0.0
6176,,0.528,0.472,0.0,-0.7717
6178,,0.237,0.763,0.0,-0.4215
6179,,0.207,0.793,0.0,-0.6908
6180,,0.0,1.0,0.0,0.0
6181,,0.297,0.703,0.0,-0.5423
6182,,0.388,0.612,0.0,-0.5859
6183,['US'],0.107,0.893,0.0,-0.0516
6184,,0.0,0.796,0.204,0.3182
6185,,0.0,1.0,0.0,0.0
6189,['US'],0.372,0.388,0.24,-0.1779
6190,,0.0,1.0,0.0,0.0
6191,['Yugoslavia'],0.302,0.698,0.0,-0.5994
6196,,0.0,1.0,0.0,0.0
6203,,0.0,1.0,0.0,0.0
6204,"['Russia', 'US', 'Mosul']",0.267,0.733,0.0,-0.4588
6206,,0.0,0.491,0.509,0.8074
6207,,0.0,0.479,0.521,0.8225
6211,,0.124,0.876,0.0,-0.1779
6212,,0.323,0.677,0.0,-0.6486
6215,,0.0,1.0,0.0,0.0
6216,['France'],0.128,0.872,0.0,-0.296
6218,,0.0,1.0,0.0,0.0
6221,,0.328,0.508,0.164,-0.4404
6222,,0.262,0.738,0.0,-0.4939
6223,"['Ottoman Empire', 'Saudi Arabia']",0.0,0.578,0.422,0.743
6224,,0.156,0.844,0.0,-0.34
6226,,0.0,1.0,0.0,0.0
6228,"['Douma', 'Syria']",0.207,0.793,0.0,-0.6908
6229,"['Estonia', 'Russia']",0.394,0.606,0.0,-0.5994
6231,['America'],0.25,0.75,0.0,-0.4588
6232,,0.365,0.635,0.0,-0.7845
6234,"['North Korea', 'Israel']",0.319,0.539,0.142,-0.5574
6236,['America'],0.0,1.0,0.0,0.0
6237,,0.0,1.0,0.0,0.0
6238,,0.193,0.667,0.141,-0.1779
6239,,0.308,0.692,0.0,-0.5994
6240,,0.0,0.794,0.206,0.3818
6241,,0.39,0.61,0.0,-0.4939
6244,,0.2,0.8,0.0,-0.5437
6245,,0.0,1.0,0.0,0.0
6247,,0.128,0.684,0.188,0.1779
6248,,0.492,0.508,0.0,-0.4404
6249,['US'],0.196,0.804,0.0,-0.296
6252,,0.212,0.464,0.325,0.1779
6254,,0.225,0.775,0.0,-0.4939
6256,,0.165,0.567,0.268,0.25
6257,,0.22,0.53,0.25,0.1027
6258,['Michigan'],0.22,0.78,0.0,-0.4767
6260,,0.0,0.725,0.275,0.5859
6261,,0.0,1.0,0.0,0.0
6262,,0.265,0.735,0.0,-0.5574
6263,,0.33,0.67,0.0,-0.7096
6264,['US'],0.0,1.0,0.0,0.0
6266,,0.0,1.0,0.0,0.0
6267,,0.0,0.652,0.348,0.4939
6268,,0.232,0.634,0.134,-0.34
6270,,0.444,0.556,0.0,-0.8625
6272,,0.358,0.642,0.0,-0.5994
6275,,0.0,1.0,0.0,0.0
6277,,0.149,0.714,0.136,-0.0516
6281,,0.0,1.0,0.0,0.0
6283,,0.0,1.0,0.0,0.0
6285,,0.423,0.335,0.241,-0.5859
6289,,0.0,0.874,0.126,0.0772
6290,['China'],0.205,0.795,0.0,-0.4767
6294,['Russia'],0.0,0.899,0.101,0.2023
6296,['Turkey'],0.4,0.6,0.0,-0.7184
6297,,0.0,1.0,0.0,0.0
6300,,0.167,0.833,0.0,-0.296
6301,,0.0,0.808,0.192,0.4329
6302,,0.2,0.8,0.0,-0.3612
6303,,0.0,0.769,0.231,0.2732
6304,,0.0,1.0,0.0,0.0
6305,,0.369,0.446,0.185,-0.4404
6306,['Oakland'],0.0,1.0,0.0,0.0
6307,,0.0,1.0,0.0,0.0
6308,['US'],0.0,1.0,0.0,0.0
6309,['West Ham'],0.0,1.0,0.0,0.0
6313,,0.0,0.8,0.2,0.25
6314,,0.358,0.642,0.0,-0.7783
6315,,0.165,0.682,0.153,-0.0516
6318,,0.0,1.0,0.0,0.0
6319,,0.0,1.0,0.0,0.0
6321,,0.0,0.547,0.453,0.7003
6322,,0.0,1.0,0.0,0.0
6323,,0.274,0.726,0.0,-0.5267
6326,,0.125,0.875,0.0,-0.25
6327,,0.465,0.535,0.0,-0.7804
6329,['Brazil'],0.118,0.882,0.0,-0.1531
6330,,0.0,1.0,0.0,0.0
6332,,0.0,1.0,0.0,0.0
6333,,0.192,0.808,0.0,-0.2263
